#include "factory_profile_image.h"

const uint8_t g_v3f_factory_profile_image[] = {
    0x41, 0x4B, 0x50, 0x4B, 0x01, 0x00, 0x44, 0x00, 0x03, 0x00, 0x01, 0x00,
    0x00, 0x00, 0x00, 0x00, 0x1E, 0x07, 0x15, 0xC3, 0x77, 0x0C, 0x6E, 0x03,
    0x01, 0x00, 0x00, 0x00, 0xD9, 0xDA, 0x5B, 0x65, 0x08, 0x64, 0x1C, 0x07,
    0x1D, 0x38, 0xA7, 0x84, 0xAD, 0xC1, 0x44, 0x27, 0x5E, 0x93, 0x48, 0x22,
    0xBE, 0xFC, 0x1D, 0x36, 0xAC, 0x73, 0x9F, 0xD7, 0xCD, 0x35, 0xB0, 0x18,
    0xDC, 0x5C, 0x00, 0x00, 0xED, 0x36, 0x9B, 0x38, 0x01, 0x00, 0x01, 0x00,
    0x74, 0x00, 0x00, 0x00, 0x36, 0x10, 0x00, 0x00, 0xB3, 0xAA, 0x72, 0x7D,
    0x02, 0x00, 0x02, 0x00, 0xAC, 0x10, 0x00, 0x00, 0xE0, 0x4A, 0x00, 0x00,
    0xD5, 0x10, 0x66, 0x95, 0x05, 0x00, 0x01, 0x00, 0x8C, 0x5B, 0x00, 0x00,
    0x4D, 0x01, 0x00, 0x00, 0xAE, 0xBC, 0x44, 0x80, 0x7B, 0x22, 0x62, 0x69,
    0x6E, 0x64, 0x69, 0x6E, 0x67, 0x5F, 0x73, 0x63, 0x6F, 0x70, 0x65, 0x73,
    0x22, 0x3A, 0x7B, 0x22, 0x62, 0x61, 0x73, 0x65, 0x22, 0x3A, 0x7B, 0x22,
    0x62, 0x69, 0x6E, 0x64, 0x69, 0x6E, 0x67, 0x73, 0x22, 0x3A, 0x7B, 0x22,
    0x65, 0x6E, 0x63, 0x5F, 0x30, 0x30, 0x30, 0x2E, 0x63, 0x63, 0x77, 0x5F,
    0x73, 0x74, 0x65, 0x70, 0x22, 0x3A, 0x22, 0x63, 0x6F, 0x6E, 0x73, 0x75,
    0x6D, 0x65, 0x72, 0x2E, 0x76, 0x6F, 0x6C, 0x75, 0x6D, 0x65, 0x5F, 0x64,
    0x65, 0x63, 0x72, 0x65, 0x6D, 0x65, 0x6E, 0x74, 0x22, 0x2C, 0x22, 0x65,
    0x6E, 0x63, 0x5F, 0x30, 0x30, 0x30, 0x2E, 0x63, 0x77, 0x5F, 0x73, 0x74,
    0x65, 0x70, 0x22, 0x3A, 0x22, 0x63, 0x6F, 0x6E, 0x73, 0x75, 0x6D, 0x65,
    0x72, 0x2E, 0x76, 0x6F, 0x6C, 0x75, 0x6D, 0x65, 0x5F, 0x69, 0x6E, 0x63,
    0x72, 0x65, 0x6D, 0x65, 0x6E, 0x74, 0x22, 0x2C, 0x22, 0x65, 0x6E, 0x63,
    0x5F, 0x30, 0x30, 0x30, 0x2E, 0x70, 0x72, 0x65, 0x73, 0x73, 0x22, 0x3A,
    0x22, 0x63, 0x6F, 0x6E, 0x73, 0x75, 0x6D, 0x65, 0x72, 0x2E, 0x6D, 0x75,
    0x74, 0x65, 0x22, 0x2C, 0x22, 0x66, 0x69, 0x76, 0x65, 0x77, 0x61, 0x79,
    0x5F, 0x30, 0x30, 0x30, 0x2E, 0x63, 0x63, 0x77, 0x5F, 0x73, 0x74, 0x65,
    0x70, 0x22, 0x3A, 0x22, 0x6D, 0x6F, 0x75, 0x73, 0x65, 0x2E, 0x77, 0x68,
    0x65, 0x65, 0x6C, 0x5F, 0x64, 0x6F, 0x77, 0x6E, 0x22, 0x2C, 0x22, 0x66,
    0x69, 0x76, 0x65, 0x77, 0x61, 0x79, 0x5F, 0x30, 0x30, 0x30, 0x2E, 0x63,
    0x77, 0x5F, 0x73, 0x74, 0x65, 0x70, 0x22, 0x3A, 0x22, 0x6D, 0x6F, 0x75,
    0x73, 0x65, 0x2E, 0x77, 0x68, 0x65, 0x65, 0x6C, 0x5F, 0x75, 0x70, 0x22,
    0x2C, 0x22, 0x66, 0x69, 0x76, 0x65, 0x77, 0x61, 0x79, 0x5F, 0x30, 0x30,
    0x30, 0x2E, 0x64, 0x6F, 0x77, 0x6E, 0x22, 0x3A, 0x22, 0x6B, 0x65, 0x79,
    0x62, 0x6F, 0x61, 0x72, 0x64, 0x2E, 0x64, 0x6F, 0x77, 0x6E, 0x22, 0x2C,
    0x22, 0x66, 0x69, 0x76, 0x65, 0x77, 0x61, 0x79, 0x5F, 0x30, 0x30, 0x30,
    0x2E, 0x6C, 0x65, 0x66, 0x74, 0x22, 0x3A, 0x22, 0x6B, 0x65, 0x79, 0x62,
    0x6F, 0x61, 0x72, 0x64, 0x2E, 0x6C, 0x65, 0x66, 0x74, 0x22, 0x2C, 0x22,
    0x66, 0x69, 0x76, 0x65, 0x77, 0x61, 0x79, 0x5F, 0x30, 0x30, 0x30, 0x2E,
    0x70, 0x72, 0x65, 0x73, 0x73, 0x22, 0x3A, 0x22, 0x6B, 0x65, 0x79, 0x62,
    0x6F, 0x61, 0x72, 0x64, 0x2E, 0x65, 0x6E, 0x74, 0x65, 0x72, 0x22, 0x2C,
    0x22, 0x66, 0x69, 0x76, 0x65, 0x77, 0x61, 0x79, 0x5F, 0x30, 0x30, 0x30,
    0x2E, 0x72, 0x69, 0x67, 0x68, 0x74, 0x22, 0x3A, 0x22, 0x6B, 0x65, 0x79,
    0x62, 0x6F, 0x61, 0x72, 0x64, 0x2E, 0x72, 0x69, 0x67, 0x68, 0x74, 0x22,
    0x2C, 0x22, 0x66, 0x69, 0x76, 0x65, 0x77, 0x61, 0x79, 0x5F, 0x30, 0x30,
    0x30, 0x2E, 0x75, 0x70, 0x22, 0x3A, 0x22, 0x6B, 0x65, 0x79, 0x62, 0x6F,
    0x61, 0x72, 0x64, 0x2E, 0x75, 0x70, 0x22, 0x2C, 0x22, 0x6B, 0x65, 0x79,
    0x5F, 0x30, 0x30, 0x30, 0x22, 0x3A, 0x22, 0x6B, 0x65, 0x79, 0x62, 0x6F,
    0x61, 0x72, 0x64, 0x2E, 0x66, 0x31, 0x32, 0x22, 0x2C, 0x22, 0x6B, 0x65,
    0x79, 0x5F, 0x30, 0x30, 0x31, 0x22, 0x3A, 0x22, 0x6B, 0x65, 0x79, 0x62,
    0x6F, 0x61, 0x72, 0x64, 0x2E, 0x66, 0x31, 0x31, 0x22, 0x2C, 0x22, 0x6B,
    0x65, 0x79, 0x5F, 0x30, 0x30, 0x32, 0x22, 0x3A, 0x22, 0x6B, 0x65, 0x79,
    0x62, 0x6F, 0x61, 0x72, 0x64, 0x2E, 0x66, 0x31, 0x30, 0x22, 0x2C, 0x22,
    0x6B, 0x65, 0x79, 0x5F, 0x30, 0x30, 0x33, 0x22, 0x3A, 0x22, 0x6B, 0x65,
    0x79, 0x62, 0x6F, 0x61, 0x72, 0x64, 0x2E, 0x66, 0x39, 0x22, 0x2C, 0x22,
    0x6B, 0x65, 0x79, 0x5F, 0x30, 0x30, 0x34, 0x22, 0x3A, 0x22, 0x6B, 0x65,
    0x79, 0x62, 0x6F, 0x61, 0x72, 0x64, 0x2E, 0x66, 0x38, 0x22, 0x2C, 0x22,
    0x6B, 0x65, 0x79, 0x5F, 0x30, 0x30, 0x35, 0x22, 0x3A, 0x22, 0x6B, 0x65,
    0x79, 0x62, 0x6F, 0x61, 0x72, 0x64, 0x2E, 0x66, 0x37, 0x22, 0x2C, 0x22,
    0x6B, 0x65, 0x79, 0x5F, 0x30, 0x30, 0x36, 0x22, 0x3A, 0x22, 0x6B, 0x65,
    0x79, 0x62, 0x6F, 0x61, 0x72, 0x64, 0x2E, 0x66, 0x36, 0x22, 0x2C, 0x22,
    0x6B, 0x65, 0x79, 0x5F, 0x30, 0x30, 0x37, 0x22, 0x3A, 0x22, 0x6B, 0x65,
    0x79, 0x62, 0x6F, 0x61, 0x72, 0x64, 0x2E, 0x62, 0x61, 0x63, 0x6B, 0x73,
    0x70, 0x61, 0x63, 0x65, 0x22, 0x2C, 0x22, 0x6B, 0x65, 0x79, 0x5F, 0x30,
    0x30, 0x38, 0x22, 0x3A, 0x22, 0x6B, 0x65, 0x79, 0x62, 0x6F, 0x61, 0x72,
    0x64, 0x2E, 0x65, 0x71, 0x75, 0x61, 0x6C, 0x22, 0x2C, 0x22, 0x6B, 0x65,
    0x79, 0x5F, 0x30, 0x30, 0x39, 0x22, 0x3A, 0x22, 0x6B, 0x65, 0x79, 0x62,
    0x6F, 0x61, 0x72, 0x64, 0x2E, 0x6D, 0x69, 0x6E, 0x75, 0x73, 0x22, 0x2C,
    0x22, 0x6B, 0x65, 0x79, 0x5F, 0x30, 0x31, 0x30, 0x22, 0x3A, 0x22, 0x6B,
    0x65, 0x79, 0x62, 0x6F, 0x61, 0x72, 0x64, 0x2E, 0x30, 0x22, 0x2C, 0x22,
    0x6B, 0x65, 0x79, 0x5F, 0x30, 0x31, 0x31, 0x22, 0x3A, 0x22, 0x6B, 0x65,
    0x79, 0x62, 0x6F, 0x61, 0x72, 0x64, 0x2E, 0x39, 0x22, 0x2C, 0x22, 0x6B,
    0x65, 0x79, 0x5F, 0x30, 0x31, 0x32, 0x22, 0x3A, 0x22, 0x6B, 0x65, 0x79,
    0x62, 0x6F, 0x61, 0x72, 0x64, 0x2E, 0x38, 0x22, 0x2C, 0x22, 0x6B, 0x65,
    0x79, 0x5F, 0x30, 0x31, 0x33, 0x22, 0x3A, 0x22, 0x6B, 0x65, 0x79, 0x62,
    0x6F, 0x61, 0x72, 0x64, 0x2E, 0x37, 0x22, 0x2C, 0x22, 0x6B, 0x65, 0x79,
    0x5F, 0x30, 0x31, 0x34, 0x22, 0x3A, 0x22, 0x6B, 0x65, 0x79, 0x62, 0x6F,
    0x61, 0x72, 0x64, 0x2E, 0x62, 0x61, 0x63, 0x6B, 0x73, 0x6C, 0x61, 0x73,
    0x68, 0x22, 0x2C, 0x22, 0x6B, 0x65, 0x79, 0x5F, 0x30, 0x31, 0x35, 0x22,
    0x3A, 0x22, 0x6B, 0x65, 0x79, 0x62, 0x6F, 0x61, 0x72, 0x64, 0x2E, 0x72,
    0x69, 0x67, 0x68, 0x74, 0x5F, 0x62, 0x72, 0x61, 0x63, 0x6B, 0x65, 0x74,
    0x22, 0x2C, 0x22, 0x6B, 0x65, 0x79, 0x5F, 0x30, 0x31, 0x36, 0x22, 0x3A,
    0x22, 0x6B, 0x65, 0x79, 0x62, 0x6F, 0x61, 0x72, 0x64, 0x2E, 0x6C, 0x65,
    0x66, 0x74, 0x5F, 0x62, 0x72, 0x61, 0x63, 0x6B, 0x65, 0x74, 0x22, 0x2C,
    0x22, 0x6B, 0x65, 0x79, 0x5F, 0x30, 0x31, 0x37, 0x22, 0x3A, 0x22, 0x6B,
    0x65, 0x79, 0x62, 0x6F, 0x61, 0x72, 0x64, 0x2E, 0x70, 0x22, 0x2C, 0x22,
    0x6B, 0x65, 0x79, 0x5F, 0x30, 0x31, 0x38, 0x22, 0x3A, 0x22, 0x6B, 0x65,
    0x79, 0x62, 0x6F, 0x61, 0x72, 0x64, 0x2E, 0x6F, 0x22, 0x2C, 0x22, 0x6B,
    0x65, 0x79, 0x5F, 0x30, 0x31, 0x39, 0x22, 0x3A, 0x22, 0x6B, 0x65, 0x79,
    0x62, 0x6F, 0x61, 0x72, 0x64, 0x2E, 0x69, 0x22, 0x2C, 0x22, 0x6B, 0x65,
    0x79, 0x5F, 0x30, 0x32, 0x30, 0x22, 0x3A, 0x22, 0x6B, 0x65, 0x79, 0x62,
    0x6F, 0x61, 0x72, 0x64, 0x2E, 0x75, 0x22, 0x2C, 0x22, 0x6B, 0x65, 0x79,
    0x5F, 0x30, 0x32, 0x31, 0x22, 0x3A, 0x22, 0x6B, 0x65, 0x79, 0x62, 0x6F,
    0x61, 0x72, 0x64, 0x2E, 0x79, 0x22, 0x2C, 0x22, 0x6B, 0x65, 0x79, 0x5F,
    0x30, 0x32, 0x32, 0x22, 0x3A, 0x22, 0x6B, 0x65, 0x79, 0x62, 0x6F, 0x61,
    0x72, 0x64, 0x2E, 0x65, 0x6E, 0x74, 0x65, 0x72, 0x22, 0x2C, 0x22, 0x6B,
    0x65, 0x79, 0x5F, 0x30, 0x32, 0x33, 0x22, 0x3A, 0x22, 0x6B, 0x65, 0x79,
    0x62, 0x6F, 0x61, 0x72, 0x64, 0x2E, 0x71, 0x75, 0x6F, 0x74, 0x65, 0x22,
    0x2C, 0x22, 0x6B, 0x65, 0x79, 0x5F, 0x30, 0x32, 0x34, 0x22, 0x3A, 0x22,
    0x6B, 0x65, 0x79, 0x62, 0x6F, 0x61, 0x72, 0x64, 0x2E, 0x73, 0x65, 0x6D,
    0x69, 0x63, 0x6F, 0x6C, 0x6F, 0x6E, 0x22, 0x2C, 0x22, 0x6B, 0x65, 0x79,
    0x5F, 0x30, 0x32, 0x35, 0x22, 0x3A, 0x22, 0x6B, 0x65, 0x79, 0x62, 0x6F,
    0x61, 0x72, 0x64, 0x2E, 0x6C, 0x22, 0x2C, 0x22, 0x6B, 0x65, 0x79, 0x5F,
    0x30, 0x32, 0x36, 0x22, 0x3A, 0x22, 0x6B, 0x65, 0x79, 0x62, 0x6F, 0x61,
    0x72, 0x64, 0x2E, 0x6B, 0x22, 0x2C, 0x22, 0x6B, 0x65, 0x79, 0x5F, 0x30,
    0x32, 0x37, 0x22, 0x3A, 0x22, 0x6B, 0x65, 0x79, 0x62, 0x6F, 0x61, 0x72,
    0x64, 0x2E, 0x6A, 0x22, 0x2C, 0x22, 0x6B, 0x65, 0x79, 0x5F, 0x30, 0x32,
    0x38, 0x22, 0x3A, 0x22, 0x6B, 0x65, 0x79, 0x62, 0x6F, 0x61, 0x72, 0x64,
    0x2E, 0x68, 0x22, 0x2C, 0x22, 0x6B, 0x65, 0x79, 0x5F, 0x30, 0x32, 0x39,
    0x22, 0x3A, 0x22, 0x6B, 0x65, 0x79, 0x62, 0x6F, 0x61, 0x72, 0x64, 0x2E,
    0x72, 0x69, 0x67, 0x68, 0x74, 0x5F, 0x73, 0x68, 0x69, 0x66, 0x74, 0x22,
    0x2C, 0x22, 0x6B, 0x65, 0x79, 0x5F, 0x30, 0x33, 0x30, 0x22, 0x3A, 0x22,
    0x6B, 0x65, 0x79, 0x62, 0x6F, 0x61, 0x72, 0x64, 0x2E, 0x73, 0x6C, 0x61,
    0x73, 0x68, 0x22, 0x2C, 0x22, 0x6B, 0x65, 0x79, 0x5F, 0x30, 0x33, 0x31,
    0x22, 0x3A, 0x22, 0x6B, 0x65, 0x79, 0x62, 0x6F, 0x61, 0x72, 0x64, 0x2E,
    0x70, 0x65, 0x72, 0x69, 0x6F, 0x64, 0x22, 0x2C, 0x22, 0x6B, 0x65, 0x79,
    0x5F, 0x30, 0x33, 0x32, 0x22, 0x3A, 0x22, 0x6B, 0x65, 0x79, 0x62, 0x6F,
    0x61, 0x72, 0x64, 0x2E, 0x63, 0x6F, 0x6D, 0x6D, 0x61, 0x22, 0x2C, 0x22,
    0x6B, 0x65, 0x79, 0x5F, 0x30, 0x33, 0x33, 0x22, 0x3A, 0x22, 0x6B, 0x65,
    0x79, 0x62, 0x6F, 0x61, 0x72, 0x64, 0x2E, 0x6D, 0x22, 0x2C, 0x22, 0x6B,
    0x65, 0x79, 0x5F, 0x30, 0x33, 0x34, 0x22, 0x3A, 0x22, 0x6B, 0x65, 0x79,
    0x62, 0x6F, 0x61, 0x72, 0x64, 0x2E, 0x6E, 0x22, 0x2C, 0x22, 0x6B, 0x65,
    0x79, 0x5F, 0x30, 0x33, 0x35, 0x22, 0x3A, 0x22, 0x6B, 0x65, 0x79, 0x62,
    0x6F, 0x61, 0x72, 0x64, 0x2E, 0x62, 0x22, 0x2C, 0x22, 0x6B, 0x65, 0x79,
    0x5F, 0x30, 0x33, 0x36, 0x22, 0x3A, 0x22, 0x6B, 0x65, 0x79, 0x62, 0x6F,
    0x61, 0x72, 0x64, 0x2E, 0x72, 0x69, 0x67, 0x68, 0x74, 0x5F, 0x63, 0x74,
    0x72, 0x6C, 0x22, 0x2C, 0x22, 0x6B, 0x65, 0x79, 0x5F, 0x30, 0x33, 0x37,
    0x22, 0x3A, 0x22, 0x6B, 0x65, 0x79, 0x62, 0x6F, 0x61, 0x72, 0x64, 0x2E,
    0x72, 0x69, 0x67, 0x68, 0x74, 0x5F, 0x67, 0x75, 0x69, 0x22, 0x2C, 0x22,
    0x6B, 0x65, 0x79, 0x5F, 0x30, 0x33, 0x38, 0x22, 0x3A, 0x22, 0x6E, 0x6F,
    0x5F, 0x6F, 0x70, 0x22, 0x2C, 0x22, 0x6B, 0x65, 0x79, 0x5F, 0x30, 0x33,
    0x39, 0x22, 0x3A, 0x22, 0x6B, 0x65, 0x79, 0x62, 0x6F, 0x61, 0x72, 0x64,
    0x2E, 0x72, 0x69, 0x67, 0x68, 0x74, 0x5F, 0x61, 0x6C, 0x74, 0x22, 0x2C,
    0x22, 0x6B, 0x65, 0x79, 0x5F, 0x30, 0x34, 0x30, 0x22, 0x3A, 0x22, 0x6B,
    0x65, 0x79, 0x62, 0x6F, 0x61, 0x72, 0x64, 0x2E, 0x73, 0x70, 0x61, 0x63,
    0x65, 0x22, 0x2C, 0x22, 0x6B, 0x65, 0x79, 0x5F, 0x30, 0x34, 0x31, 0x22,
    0x3A, 0x22, 0x6B, 0x65, 0x79, 0x62, 0x6F, 0x61, 0x72, 0x64, 0x2E, 0x66,
    0x35, 0x22, 0x2C, 0x22, 0x6B, 0x65, 0x79, 0x5F, 0x30, 0x34, 0x32, 0x22,
    0x3A, 0x22, 0x6B, 0x65, 0x79, 0x62, 0x6F, 0x61, 0x72, 0x64, 0x2E, 0x66,
    0x34, 0x22, 0x2C, 0x22, 0x6B, 0x65, 0x79, 0x5F, 0x30, 0x34, 0x33, 0x22,
    0x3A, 0x22, 0x6B, 0x65, 0x79, 0x62, 0x6F, 0x61, 0x72, 0x64, 0x2E, 0x66,
    0x33, 0x22, 0x2C, 0x22, 0x6B, 0x65, 0x79, 0x5F, 0x30, 0x34, 0x34, 0x22,
    0x3A, 0x22, 0x6B, 0x65, 0x79, 0x62, 0x6F, 0x61, 0x72, 0x64, 0x2E, 0x66,
    0x32, 0x22, 0x2C, 0x22, 0x6B, 0x65, 0x79, 0x5F, 0x30, 0x34, 0x35, 0x22,
    0x3A, 0x22, 0x6B, 0x65, 0x79, 0x62, 0x6F, 0x61, 0x72, 0x64, 0x2E, 0x66,
    0x31, 0x22, 0x2C, 0x22, 0x6B, 0x65, 0x79, 0x5F, 0x30, 0x34, 0x36, 0x22,
    0x3A, 0x22, 0x6B, 0x65, 0x79, 0x62, 0x6F, 0x61, 0x72, 0x64, 0x2E, 0x65,
    0x73, 0x63, 0x61, 0x70, 0x65, 0x22, 0x2C, 0x22, 0x6B, 0x65, 0x79, 0x5F,
    0x30, 0x34, 0x37, 0x22, 0x3A, 0x22, 0x6B, 0x65, 0x79, 0x62, 0x6F, 0x61,
    0x72, 0x64, 0x2E, 0x36, 0x22, 0x2C, 0x22, 0x6B, 0x65, 0x79, 0x5F, 0x30,
    0x34, 0x38, 0x22, 0x3A, 0x22, 0x6B, 0x65, 0x79, 0x62, 0x6F, 0x61, 0x72,
    0x64, 0x2E, 0x35, 0x22, 0x2C, 0x22, 0x6B, 0x65, 0x79, 0x5F, 0x30, 0x34,
    0x39, 0x22, 0x3A, 0x22, 0x6B, 0x65, 0x79, 0x62, 0x6F, 0x61, 0x72, 0x64,
    0x2E, 0x34, 0x22, 0x2C, 0x22, 0x6B, 0x65, 0x79, 0x5F, 0x30, 0x35, 0x30,
    0x22, 0x3A, 0x22, 0x6B, 0x65, 0x79, 0x62, 0x6F, 0x61, 0x72, 0x64, 0x2E,
    0x33, 0x22, 0x2C, 0x22, 0x6B, 0x65, 0x79, 0x5F, 0x30, 0x35, 0x31, 0x22,
    0x3A, 0x22, 0x6B, 0x65, 0x79, 0x62, 0x6F, 0x61, 0x72, 0x64, 0x2E, 0x32,
    0x22, 0x2C, 0x22, 0x6B, 0x65, 0x79, 0x5F, 0x30, 0x35, 0x32, 0x22, 0x3A,
    0x22, 0x6B, 0x65, 0x79, 0x62, 0x6F, 0x61, 0x72, 0x64, 0x2E, 0x31, 0x22,
    0x2C, 0x22, 0x6B, 0x65, 0x79, 0x5F, 0x30, 0x35, 0x33, 0x22, 0x3A, 0x22,
    0x6B, 0x65, 0x79, 0x62, 0x6F, 0x61, 0x72, 0x64, 0x2E, 0x67, 0x72, 0x61,
    0x76, 0x65, 0x22, 0x2C, 0x22, 0x6B, 0x65, 0x79, 0x5F, 0x30, 0x35, 0x34,
    0x22, 0x3A, 0x22, 0x6B, 0x65, 0x79, 0x62, 0x6F, 0x61, 0x72, 0x64, 0x2E,
    0x79, 0x22, 0x2C, 0x22, 0x6B, 0x65, 0x79, 0x5F, 0x30, 0x35, 0x35, 0x22,
    0x3A, 0x22, 0x6B, 0x65, 0x79, 0x62, 0x6F, 0x61, 0x72, 0x64, 0x2E, 0x74,
    0x22, 0x2C, 0x22, 0x6B, 0x65, 0x79, 0x5F, 0x30, 0x35, 0x36, 0x22, 0x3A,
    0x22, 0x6B, 0x65, 0x79, 0x62, 0x6F, 0x61, 0x72, 0x64, 0x2E, 0x72, 0x22,
    0x2C, 0x22, 0x6B, 0x65, 0x79, 0x5F, 0x30, 0x35, 0x37, 0x22, 0x3A, 0x22,
    0x6B, 0x65, 0x79, 0x62, 0x6F, 0x61, 0x72, 0x64, 0x2E, 0x65, 0x22, 0x2C,
    0x22, 0x6B, 0x65, 0x79, 0x5F, 0x30, 0x35, 0x38, 0x22, 0x3A, 0x22, 0x6B,
    0x65, 0x79, 0x62, 0x6F, 0x61, 0x72, 0x64, 0x2E, 0x77, 0x22, 0x2C, 0x22,
    0x6B, 0x65, 0x79, 0x5F, 0x30, 0x35, 0x39, 0x22, 0x3A, 0x22, 0x6B, 0x65,
    0x79, 0x62, 0x6F, 0x61, 0x72, 0x64, 0x2E, 0x71, 0x22, 0x2C, 0x22, 0x6B,
    0x65, 0x79, 0x5F, 0x30, 0x36, 0x30, 0x22, 0x3A, 0x22, 0x6B, 0x65, 0x79,
    0x62, 0x6F, 0x61, 0x72, 0x64, 0x2E, 0x74, 0x61, 0x62, 0x22, 0x2C, 0x22,
    0x6B, 0x65, 0x79, 0x5F, 0x30, 0x36, 0x31, 0x22, 0x3A, 0x22, 0x6B, 0x65,
    0x79, 0x62, 0x6F, 0x61, 0x72, 0x64, 0x2E, 0x67, 0x22, 0x2C, 0x22, 0x6B,
    0x65, 0x79, 0x5F, 0x30, 0x36, 0x32, 0x22, 0x3A, 0x22, 0x6B, 0x65, 0x79,
    0x62, 0x6F, 0x61, 0x72, 0x64, 0x2E, 0x66, 0x22, 0x2C, 0x22, 0x6B, 0x65,
    0x79, 0x5F, 0x30, 0x36, 0x33, 0x22, 0x3A, 0x22, 0x6B, 0x65, 0x79, 0x62,
    0x6F, 0x61, 0x72, 0x64, 0x2E, 0x64, 0x22, 0x2C, 0x22, 0x6B, 0x65, 0x79,
    0x5F, 0x30, 0x36, 0x34, 0x22, 0x3A, 0x22, 0x6B, 0x65, 0x79, 0x62, 0x6F,
    0x61, 0x72, 0x64, 0x2E, 0x73, 0x22, 0x2C, 0x22, 0x6B, 0x65, 0x79, 0x5F,
    0x30, 0x36, 0x35, 0x22, 0x3A, 0x22, 0x6B, 0x65, 0x79, 0x62, 0x6F, 0x61,
    0x72, 0x64, 0x2E, 0x61, 0x22, 0x2C, 0x22, 0x6B, 0x65, 0x79, 0x5F, 0x30,
    0x36, 0x36, 0x22, 0x3A, 0x22, 0x6B, 0x65, 0x79, 0x62, 0x6F, 0x61, 0x72,
    0x64, 0x2E, 0x63, 0x61, 0x70, 0x73, 0x5F, 0x6C, 0x6F, 0x63, 0x6B, 0x22,
    0x2C, 0x22, 0x6B, 0x65, 0x79, 0x5F, 0x30, 0x36, 0x37, 0x22, 0x3A, 0x22,
    0x6B, 0x65, 0x79, 0x62, 0x6F, 0x61, 0x72, 0x64, 0x2E, 0x62, 0x22, 0x2C,
    0x22, 0x6B, 0x65, 0x79, 0x5F, 0x30, 0x36, 0x38, 0x22, 0x3A, 0x22, 0x6B,
    0x65, 0x79, 0x62, 0x6F, 0x61, 0x72, 0x64, 0x2E, 0x76, 0x22, 0x2C, 0x22,
    0x6B, 0x65, 0x79, 0x5F, 0x30, 0x36, 0x39, 0x22, 0x3A, 0x22, 0x6B, 0x65,
    0x79, 0x62, 0x6F, 0x61, 0x72, 0x64, 0x2E, 0x63, 0x22, 0x2C, 0x22, 0x6B,
    0x65, 0x79, 0x5F, 0x30, 0x37, 0x30, 0x22, 0x3A, 0x22, 0x6B, 0x65, 0x79,
    0x62, 0x6F, 0x61, 0x72, 0x64, 0x2E, 0x78, 0x22, 0x2C, 0x22, 0x6B, 0x65,
    0x79, 0x5F, 0x30, 0x37, 0x31, 0x22, 0x3A, 0x22, 0x6B, 0x65, 0x79, 0x62,
    0x6F, 0x61, 0x72, 0x64, 0x2E, 0x7A, 0x22, 0x2C, 0x22, 0x6B, 0x65, 0x79,
    0x5F, 0x30, 0x37, 0x32, 0x22, 0x3A, 0x22, 0x6B, 0x65, 0x79, 0x62, 0x6F,
    0x61, 0x72, 0x64, 0x2E, 0x6C, 0x65, 0x66, 0x74, 0x5F, 0x73, 0x68, 0x69,
    0x66, 0x74, 0x22, 0x2C, 0x22, 0x6B, 0x65, 0x79, 0x5F, 0x30, 0x37, 0x33,
    0x22, 0x3A, 0x22, 0x6B, 0x65, 0x79, 0x62, 0x6F, 0x61, 0x72, 0x64, 0x2E,
    0x73, 0x70, 0x61, 0x63, 0x65, 0x22, 0x2C, 0x22, 0x6B, 0x65, 0x79, 0x5F,
    0x30, 0x37, 0x34, 0x22, 0x3A, 0x22, 0x6B, 0x65, 0x79, 0x62, 0x6F, 0x61,
    0x72, 0x64, 0x2E, 0x6C, 0x65, 0x66, 0x74, 0x5F, 0x61, 0x6C, 0x74, 0x22,
    0x2C, 0x22, 0x6B, 0x65, 0x79, 0x5F, 0x30, 0x37, 0x35, 0x22, 0x3A, 0x22,
    0x6B, 0x65, 0x79, 0x62, 0x6F, 0x61, 0x72, 0x64, 0x2E, 0x6C, 0x65, 0x66,
    0x74, 0x5F, 0x67, 0x75, 0x69, 0x22, 0x2C, 0x22, 0x6B, 0x65, 0x79, 0x5F,
    0x30, 0x37, 0x36, 0x22, 0x3A, 0x22, 0x6B, 0x65, 0x79, 0x62, 0x6F, 0x61,
    0x72, 0x64, 0x2E, 0x6C, 0x65, 0x66, 0x74, 0x5F, 0x63, 0x74, 0x72, 0x6C,
    0x22, 0x7D, 0x2C, 0x22, 0x64, 0x65, 0x66, 0x61, 0x75, 0x6C, 0x74, 0x5F,
    0x61, 0x63, 0x74, 0x69, 0x76, 0x65, 0x22, 0x3A, 0x74, 0x72, 0x75, 0x65,
    0x2C, 0x22, 0x70, 0x72, 0x69, 0x6F, 0x72, 0x69, 0x74, 0x79, 0x22, 0x3A,
    0x30, 0x2C, 0x22, 0x75, 0x6E, 0x62, 0x6F, 0x75, 0x6E, 0x64, 0x22, 0x3A,
    0x22, 0x6E, 0x6F, 0x5F, 0x6F, 0x70, 0x22, 0x7D, 0x7D, 0x2C, 0x22, 0x63,
    0x6F, 0x6D, 0x70, 0x61, 0x74, 0x69, 0x62, 0x69, 0x6C, 0x69, 0x74, 0x79,
    0x22, 0x3A, 0x7B, 0x22, 0x63, 0x6F, 0x6E, 0x74, 0x72, 0x6F, 0x6C, 0x5F,
    0x6D, 0x61, 0x70, 0x5F, 0x68, 0x61, 0x73, 0x68, 0x22, 0x3A, 0x22, 0x73,
    0x68, 0x61, 0x32, 0x35, 0x36, 0x3A, 0x30, 0x30, 0x30, 0x30, 0x30, 0x30,
    0x30, 0x30, 0x30, 0x30, 0x30, 0x30, 0x30, 0x30, 0x30, 0x30, 0x30, 0x30,
    0x30, 0x30, 0x30, 0x30, 0x30, 0x30, 0x30, 0x30, 0x30, 0x30, 0x30, 0x30,
    0x30, 0x30, 0x30, 0x30, 0x30, 0x30, 0x30, 0x30, 0x30, 0x30, 0x30, 0x30,
    0x30, 0x30, 0x30, 0x30, 0x30, 0x30, 0x30, 0x30, 0x30, 0x30, 0x30, 0x30,
    0x30, 0x30, 0x30, 0x30, 0x30, 0x30, 0x30, 0x30, 0x30, 0x30, 0x22, 0x2C,
    0x22, 0x6B, 0x65, 0x79, 0x62, 0x6F, 0x61, 0x72, 0x64, 0x5F, 0x6D, 0x6F,
    0x64, 0x65, 0x6C, 0x5F, 0x69, 0x64, 0x22, 0x3A, 0x22, 0x61, 0x6B, 0x5F,
    0x68, 0x34, 0x31, 0x37, 0x5F, 0x63, 0x68, 0x35, 0x38, 0x35, 0x5F, 0x76,
    0x31, 0x22, 0x2C, 0x22, 0x6F, 0x70, 0x74, 0x69, 0x6F, 0x6E, 0x61, 0x6C,
    0x5F, 0x6D, 0x6F, 0x64, 0x75, 0x6C, 0x65, 0x73, 0x22, 0x3A, 0x5B, 0x5D,
    0x2C, 0x22, 0x72, 0x65, 0x71, 0x75, 0x69, 0x72, 0x65, 0x64, 0x5F, 0x63,
    0x6F, 0x6E, 0x74, 0x72, 0x6F, 0x6C, 0x5F, 0x69, 0x64, 0x73, 0x22, 0x3A,
    0x5B, 0x22, 0x6B, 0x65, 0x79, 0x5F, 0x30, 0x30, 0x30, 0x22, 0x2C, 0x22,
    0x6B, 0x65, 0x79, 0x5F, 0x30, 0x30, 0x31, 0x22, 0x2C, 0x22, 0x6B, 0x65,
    0x79, 0x5F, 0x30, 0x30, 0x32, 0x22, 0x2C, 0x22, 0x6B, 0x65, 0x79, 0x5F,
    0x30, 0x30, 0x33, 0x22, 0x2C, 0x22, 0x6B, 0x65, 0x79, 0x5F, 0x30, 0x30,
    0x34, 0x22, 0x2C, 0x22, 0x6B, 0x65, 0x79, 0x5F, 0x30, 0x30, 0x35, 0x22,
    0x2C, 0x22, 0x6B, 0x65, 0x79, 0x5F, 0x30, 0x30, 0x36, 0x22, 0x2C, 0x22,
    0x6B, 0x65, 0x79, 0x5F, 0x30, 0x30, 0x37, 0x22, 0x2C, 0x22, 0x6B, 0x65,
    0x79, 0x5F, 0x30, 0x30, 0x38, 0x22, 0x2C, 0x22, 0x6B, 0x65, 0x79, 0x5F,
    0x30, 0x30, 0x39, 0x22, 0x2C, 0x22, 0x6B, 0x65, 0x79, 0x5F, 0x30, 0x31,
    0x30, 0x22, 0x2C, 0x22, 0x6B, 0x65, 0x79, 0x5F, 0x30, 0x31, 0x31, 0x22,
    0x2C, 0x22, 0x6B, 0x65, 0x79, 0x5F, 0x30, 0x31, 0x32, 0x22, 0x2C, 0x22,
    0x6B, 0x65, 0x79, 0x5F, 0x30, 0x31, 0x33, 0x22, 0x2C, 0x22, 0x6B, 0x65,
    0x79, 0x5F, 0x30, 0x31, 0x34, 0x22, 0x2C, 0x22, 0x6B, 0x65, 0x79, 0x5F,
    0x30, 0x31, 0x35, 0x22, 0x2C, 0x22, 0x6B, 0x65, 0x79, 0x5F, 0x30, 0x31,
    0x36, 0x22, 0x2C, 0x22, 0x6B, 0x65, 0x79, 0x5F, 0x30, 0x31, 0x37, 0x22,
    0x2C, 0x22, 0x6B, 0x65, 0x79, 0x5F, 0x30, 0x31, 0x38, 0x22, 0x2C, 0x22,
    0x6B, 0x65, 0x79, 0x5F, 0x30, 0x31, 0x39, 0x22, 0x2C, 0x22, 0x6B, 0x65,
    0x79, 0x5F, 0x30, 0x32, 0x30, 0x22, 0x2C, 0x22, 0x6B, 0x65, 0x79, 0x5F,
    0x30, 0x32, 0x31, 0x22, 0x2C, 0x22, 0x6B, 0x65, 0x79, 0x5F, 0x30, 0x32,
    0x32, 0x22, 0x2C, 0x22, 0x6B, 0x65, 0x79, 0x5F, 0x30, 0x32, 0x33, 0x22,
    0x2C, 0x22, 0x6B, 0x65, 0x79, 0x5F, 0x30, 0x32, 0x34, 0x22, 0x2C, 0x22,
    0x6B, 0x65, 0x79, 0x5F, 0x30, 0x32, 0x35, 0x22, 0x2C, 0x22, 0x6B, 0x65,
    0x79, 0x5F, 0x30, 0x32, 0x36, 0x22, 0x2C, 0x22, 0x6B, 0x65, 0x79, 0x5F,
    0x30, 0x32, 0x37, 0x22, 0x2C, 0x22, 0x6B, 0x65, 0x79, 0x5F, 0x30, 0x32,
    0x38, 0x22, 0x2C, 0x22, 0x6B, 0x65, 0x79, 0x5F, 0x30, 0x32, 0x39, 0x22,
    0x2C, 0x22, 0x6B, 0x65, 0x79, 0x5F, 0x30, 0x33, 0x30, 0x22, 0x2C, 0x22,
    0x6B, 0x65, 0x79, 0x5F, 0x30, 0x33, 0x31, 0x22, 0x2C, 0x22, 0x6B, 0x65,
    0x79, 0x5F, 0x30, 0x33, 0x32, 0x22, 0x2C, 0x22, 0x6B, 0x65, 0x79, 0x5F,
    0x30, 0x33, 0x33, 0x22, 0x2C, 0x22, 0x6B, 0x65, 0x79, 0x5F, 0x30, 0x33,
    0x34, 0x22, 0x2C, 0x22, 0x6B, 0x65, 0x79, 0x5F, 0x30, 0x33, 0x35, 0x22,
    0x2C, 0x22, 0x6B, 0x65, 0x79, 0x5F, 0x30, 0x33, 0x36, 0x22, 0x2C, 0x22,
    0x6B, 0x65, 0x79, 0x5F, 0x30, 0x33, 0x37, 0x22, 0x2C, 0x22, 0x6B, 0x65,
    0x79, 0x5F, 0x30, 0x33, 0x38, 0x22, 0x2C, 0x22, 0x6B, 0x65, 0x79, 0x5F,
    0x30, 0x33, 0x39, 0x22, 0x2C, 0x22, 0x6B, 0x65, 0x79, 0x5F, 0x30, 0x34,
    0x30, 0x22, 0x2C, 0x22, 0x6B, 0x65, 0x79, 0x5F, 0x30, 0x34, 0x31, 0x22,
    0x2C, 0x22, 0x6B, 0x65, 0x79, 0x5F, 0x30, 0x34, 0x32, 0x22, 0x2C, 0x22,
    0x6B, 0x65, 0x79, 0x5F, 0x30, 0x34, 0x33, 0x22, 0x2C, 0x22, 0x6B, 0x65,
    0x79, 0x5F, 0x30, 0x34, 0x34, 0x22, 0x2C, 0x22, 0x6B, 0x65, 0x79, 0x5F,
    0x30, 0x34, 0x35, 0x22, 0x2C, 0x22, 0x6B, 0x65, 0x79, 0x5F, 0x30, 0x34,
    0x36, 0x22, 0x2C, 0x22, 0x6B, 0x65, 0x79, 0x5F, 0x30, 0x34, 0x37, 0x22,
    0x2C, 0x22, 0x6B, 0x65, 0x79, 0x5F, 0x30, 0x34, 0x38, 0x22, 0x2C, 0x22,
    0x6B, 0x65, 0x79, 0x5F, 0x30, 0x34, 0x39, 0x22, 0x2C, 0x22, 0x6B, 0x65,
    0x79, 0x5F, 0x30, 0x35, 0x30, 0x22, 0x2C, 0x22, 0x6B, 0x65, 0x79, 0x5F,
    0x30, 0x35, 0x31, 0x22, 0x2C, 0x22, 0x6B, 0x65, 0x79, 0x5F, 0x30, 0x35,
    0x32, 0x22, 0x2C, 0x22, 0x6B, 0x65, 0x79, 0x5F, 0x30, 0x35, 0x33, 0x22,
    0x2C, 0x22, 0x6B, 0x65, 0x79, 0x5F, 0x30, 0x35, 0x34, 0x22, 0x2C, 0x22,
    0x6B, 0x65, 0x79, 0x5F, 0x30, 0x35, 0x35, 0x22, 0x2C, 0x22, 0x6B, 0x65,
    0x79, 0x5F, 0x30, 0x35, 0x36, 0x22, 0x2C, 0x22, 0x6B, 0x65, 0x79, 0x5F,
    0x30, 0x35, 0x37, 0x22, 0x2C, 0x22, 0x6B, 0x65, 0x79, 0x5F, 0x30, 0x35,
    0x38, 0x22, 0x2C, 0x22, 0x6B, 0x65, 0x79, 0x5F, 0x30, 0x35, 0x39, 0x22,
    0x2C, 0x22, 0x6B, 0x65, 0x79, 0x5F, 0x30, 0x36, 0x30, 0x22, 0x2C, 0x22,
    0x6B, 0x65, 0x79, 0x5F, 0x30, 0x36, 0x31, 0x22, 0x2C, 0x22, 0x6B, 0x65,
    0x79, 0x5F, 0x30, 0x36, 0x32, 0x22, 0x2C, 0x22, 0x6B, 0x65, 0x79, 0x5F,
    0x30, 0x36, 0x33, 0x22, 0x2C, 0x22, 0x6B, 0x65, 0x79, 0x5F, 0x30, 0x36,
    0x34, 0x22, 0x2C, 0x22, 0x6B, 0x65, 0x79, 0x5F, 0x30, 0x36, 0x35, 0x22,
    0x2C, 0x22, 0x6B, 0x65, 0x79, 0x5F, 0x30, 0x36, 0x36, 0x22, 0x2C, 0x22,
    0x6B, 0x65, 0x79, 0x5F, 0x30, 0x36, 0x37, 0x22, 0x2C, 0x22, 0x6B, 0x65,
    0x79, 0x5F, 0x30, 0x36, 0x38, 0x22, 0x2C, 0x22, 0x6B, 0x65, 0x79, 0x5F,
    0x30, 0x36, 0x39, 0x22, 0x2C, 0x22, 0x6B, 0x65, 0x79, 0x5F, 0x30, 0x37,
    0x30, 0x22, 0x2C, 0x22, 0x6B, 0x65, 0x79, 0x5F, 0x30, 0x37, 0x31, 0x22,
    0x2C, 0x22, 0x6B, 0x65, 0x79, 0x5F, 0x30, 0x37, 0x32, 0x22, 0x2C, 0x22,
    0x6B, 0x65, 0x79, 0x5F, 0x30, 0x37, 0x33, 0x22, 0x2C, 0x22, 0x6B, 0x65,
    0x79, 0x5F, 0x30, 0x37, 0x34, 0x22, 0x2C, 0x22, 0x6B, 0x65, 0x79, 0x5F,
    0x30, 0x37, 0x35, 0x22, 0x2C, 0x22, 0x6B, 0x65, 0x79, 0x5F, 0x30, 0x37,
    0x36, 0x22, 0x2C, 0x22, 0x66, 0x69, 0x76, 0x65, 0x77, 0x61, 0x79, 0x5F,
    0x30, 0x30, 0x30, 0x22, 0x2C, 0x22, 0x65, 0x6E, 0x63, 0x5F, 0x30, 0x30,
    0x30, 0x22, 0x5D, 0x7D, 0x2C, 0x22, 0x63, 0x6F, 0x6E, 0x74, 0x72, 0x6F,
    0x6C, 0x5F, 0x61, 0x73, 0x73, 0x69, 0x67, 0x6E, 0x6D, 0x65, 0x6E, 0x74,
    0x73, 0x22, 0x3A, 0x5B, 0x7B, 0x22, 0x63, 0x6F, 0x6E, 0x74, 0x72, 0x6F,
    0x6C, 0x73, 0x22, 0x3A, 0x5B, 0x22, 0x40, 0x6D, 0x61, 0x69, 0x6E, 0x5F,
    0x6B, 0x65, 0x79, 0x73, 0x22, 0x5D, 0x2C, 0x22, 0x6D, 0x6F, 0x64, 0x65,
    0x22, 0x3A, 0x22, 0x72, 0x61, 0x70, 0x69, 0x64, 0x5F, 0x74, 0x72, 0x69,
    0x67, 0x67, 0x65, 0x72, 0x22, 0x2C, 0x22, 0x70, 0x61, 0x72, 0x61, 0x6D,
    0x73, 0x22, 0x3A, 0x7B, 0x22, 0x64, 0x65, 0x66, 0x61, 0x75, 0x6C, 0x74,
    0x73, 0x22, 0x3A, 0x74, 0x72, 0x75, 0x65, 0x7D, 0x2C, 0x22, 0x74, 0x79,
    0x70, 0x65, 0x22, 0x3A, 0x22, 0x61, 0x6B, 0x65, 0x79, 0x22, 0x7D, 0x5D,
    0x2C, 0x22, 0x64, 0x65, 0x66, 0x61, 0x75, 0x6C, 0x74, 0x73, 0x22, 0x3A,
    0x7B, 0x22, 0x62, 0x69, 0x6E, 0x64, 0x69, 0x6E, 0x67, 0x73, 0x22, 0x3A,
    0x7B, 0x22, 0x62, 0x61, 0x73, 0x65, 0x5F, 0x75, 0x6E, 0x62, 0x6F, 0x75,
    0x6E, 0x64, 0x22, 0x3A, 0x22, 0x6E, 0x6F, 0x5F, 0x6F, 0x70, 0x22, 0x2C,
    0x22, 0x6F, 0x76, 0x65, 0x72, 0x6C, 0x61, 0x79, 0x5F, 0x75, 0x6E, 0x62,
    0x6F, 0x75, 0x6E, 0x64, 0x22, 0x3A, 0x22, 0x6E, 0x6F, 0x5F, 0x6F, 0x70,
    0x22, 0x7D, 0x2C, 0x22, 0x74, 0x72, 0x69, 0x67, 0x67, 0x65, 0x72, 0x73,
    0x22, 0x3A, 0x7B, 0x22, 0x61, 0x6B, 0x65, 0x79, 0x22, 0x3A, 0x7B, 0x22,
    0x63, 0x6F, 0x6D, 0x6D, 0x6F, 0x6E, 0x22, 0x3A, 0x7B, 0x22, 0x64, 0x65,
    0x61, 0x64, 0x7A, 0x6F, 0x6E, 0x65, 0x5F, 0x6E, 0x6F, 0x72, 0x6D, 0x5F,
    0x69, 0x31, 0x36, 0x22, 0x3A, 0x32, 0x30, 0x7D, 0x2C, 0x22, 0x6E, 0x6F,
    0x72, 0x6D, 0x61, 0x6C, 0x22, 0x3A, 0x7B, 0x22, 0x70, 0x72, 0x65, 0x73,
    0x73, 0x5F, 0x74, 0x68, 0x72, 0x65, 0x73, 0x68, 0x6F, 0x6C, 0x64, 0x5F,
    0x6E, 0x6F, 0x72, 0x6D, 0x5F, 0x69, 0x31, 0x36, 0x22, 0x3A, 0x34, 0x30,
    0x30, 0x2C, 0x22, 0x72, 0x65, 0x6C, 0x65, 0x61, 0x73, 0x65, 0x5F, 0x74,
    0x68, 0x72, 0x65, 0x73, 0x68, 0x6F, 0x6C, 0x64, 0x5F, 0x6E, 0x6F, 0x72,
    0x6D, 0x5F, 0x69, 0x31, 0x36, 0x22, 0x3A, 0x33, 0x35, 0x30, 0x7D, 0x2C,
    0x22, 0x72, 0x61, 0x70, 0x69, 0x64, 0x5F, 0x74, 0x72, 0x69, 0x67, 0x67,
    0x65, 0x72, 0x22, 0x3A, 0x7B, 0x22, 0x70, 0x72, 0x65, 0x73, 0x73, 0x5F,
    0x64, 0x65, 0x6C, 0x74, 0x61, 0x5F, 0x6E, 0x6F, 0x72, 0x6D, 0x5F, 0x69,
    0x31, 0x36, 0x22, 0x3A, 0x31, 0x30, 0x30, 0x2C, 0x22, 0x72, 0x65, 0x6C,
    0x65, 0x61, 0x73, 0x65, 0x5F, 0x64, 0x65, 0x6C, 0x74, 0x61, 0x5F, 0x6E,
    0x6F, 0x72, 0x6D, 0x5F, 0x69, 0x31, 0x36, 0x22, 0x3A, 0x31, 0x30, 0x30,
    0x2C, 0x22, 0x72, 0x65, 0x73, 0x65, 0x74, 0x5F, 0x74, 0x68, 0x72, 0x65,
    0x73, 0x68, 0x6F, 0x6C, 0x64, 0x5F, 0x6E, 0x6F, 0x72, 0x6D, 0x5F, 0x69,
    0x31, 0x36, 0x22, 0x3A, 0x33, 0x35, 0x30, 0x2C, 0x22, 0x72, 0x65, 0x74,
    0x72, 0x69, 0x67, 0x67, 0x65, 0x72, 0x5F, 0x62, 0x65, 0x66, 0x6F, 0x72,
    0x65, 0x5F, 0x72, 0x65, 0x73, 0x65, 0x74, 0x22, 0x3A, 0x66, 0x61, 0x6C,
    0x73, 0x65, 0x7D, 0x7D, 0x7D, 0x7D, 0x2C, 0x22, 0x69, 0x64, 0x65, 0x6E,
    0x74, 0x69, 0x74, 0x79, 0x22, 0x3A, 0x7B, 0x22, 0x63, 0x61, 0x74, 0x65,
    0x67, 0x6F, 0x72, 0x79, 0x22, 0x3A, 0x22, 0x66, 0x61, 0x63, 0x74, 0x6F,
    0x72, 0x79, 0x22, 0x2C, 0x22, 0x6E, 0x61, 0x6D, 0x65, 0x22, 0x3A, 0x22,
    0x46, 0x61, 0x63, 0x74, 0x6F, 0x72, 0x79, 0x20, 0x44, 0x65, 0x66, 0x61,
    0x75, 0x6C, 0x74, 0x22, 0x2C, 0x22, 0x70, 0x72, 0x6F, 0x66, 0x69, 0x6C,
    0x65, 0x5F, 0x69, 0x64, 0x22, 0x3A, 0x22, 0x66, 0x61, 0x63, 0x74, 0x6F,
    0x72, 0x79, 0x5F, 0x64, 0x65, 0x66, 0x61, 0x75, 0x6C, 0x74, 0x22, 0x2C,
    0x22, 0x72, 0x65, 0x76, 0x69, 0x73, 0x69, 0x6F, 0x6E, 0x22, 0x3A, 0x31,
    0x2C, 0x22, 0x73, 0x63, 0x68, 0x65, 0x6D, 0x61, 0x5F, 0x76, 0x65, 0x72,
    0x73, 0x69, 0x6F, 0x6E, 0x22, 0x3A, 0x31, 0x7D, 0x2C, 0x22, 0x69, 0x6E,
    0x70, 0x75, 0x74, 0x5F, 0x67, 0x75, 0x61, 0x72, 0x64, 0x5F, 0x70, 0x6F,
    0x6C, 0x69, 0x63, 0x79, 0x22, 0x3A, 0x7B, 0x22, 0x77, 0x69, 0x6E, 0x5F,
    0x6B, 0x65, 0x79, 0x5F, 0x6C, 0x6F, 0x63, 0x6B, 0x5F, 0x65, 0x6E, 0x61,
    0x62, 0x6C, 0x65, 0x64, 0x22, 0x3A, 0x74, 0x72, 0x75, 0x65, 0x7D, 0x2C,
    0x22, 0x6D, 0x61, 0x63, 0x72, 0x6F, 0x5F, 0x64, 0x65, 0x66, 0x73, 0x22,
    0x3A, 0x7B, 0x7D, 0x2C, 0x22, 0x72, 0x65, 0x70, 0x6F, 0x72, 0x74, 0x5F,
    0x72, 0x61, 0x74, 0x65, 0x5F, 0x70, 0x6F, 0x6C, 0x69, 0x63, 0x79, 0x22,
    0x3A, 0x7B, 0x22, 0x63, 0x68, 0x35, 0x38, 0x35, 0x5F, 0x77, 0x69, 0x72,
    0x65, 0x6C, 0x65, 0x73, 0x73, 0x5F, 0x72, 0x65, 0x70, 0x6F, 0x72, 0x74,
    0x5F, 0x72, 0x61, 0x74, 0x65, 0x5F, 0x68, 0x7A, 0x22, 0x3A, 0x31, 0x30,
    0x30, 0x30, 0x2C, 0x22, 0x75, 0x73, 0x62, 0x5F, 0x72, 0x65, 0x70, 0x6F,
    0x72, 0x74, 0x5F, 0x72, 0x61, 0x74, 0x65, 0x5F, 0x68, 0x7A, 0x22, 0x3A,
    0x38, 0x30, 0x30, 0x30, 0x7D, 0x7D, 0x00, 0x00, 0x41, 0x4B, 0x52, 0x54,
    0x01, 0x00, 0x01, 0x00, 0x01, 0x00, 0x01, 0x00, 0x6C, 0x00, 0x0D, 0x00,
    0x02, 0x04, 0x00, 0x00, 0x00, 0x00, 0x00, 0x00, 0x00, 0x00, 0x00, 0x00,
    0x00, 0x00, 0x00, 0x00, 0xD9, 0xDA, 0x5B, 0x65, 0x08, 0x64, 0x1C, 0x07,
    0x1D, 0x38, 0xA7, 0x84, 0xAD, 0xC1, 0x44, 0x27, 0x5E, 0x93, 0x48, 0x22,
    0xBE, 0xFC, 0x1D, 0x36, 0xAC, 0x73, 0x9F, 0xD7, 0xCD, 0x35, 0xB0, 0x18,
    0x00, 0x00, 0x00, 0x00, 0x00, 0x00, 0x00, 0x00, 0x00, 0x00, 0x00, 0x00,
    0x00, 0x00, 0x00, 0x00, 0x00, 0x00, 0x00, 0x00, 0x00, 0x00, 0x00, 0x00,
    0x00, 0x00, 0x00, 0x00, 0x00, 0x00, 0x00, 0x00, 0x00, 0x00, 0x00, 0x00,
    0xE0, 0x4A, 0x00, 0x00, 0x78, 0x66, 0x4D, 0x42, 0x01, 0x00, 0x10, 0x00,
    0x4F, 0x00, 0x00, 0x00, 0x70, 0x01, 0x00, 0x00, 0xF0, 0x04, 0x00, 0x00,
    0x52, 0x50, 0xD0, 0xB5, 0x02, 0x00, 0x14, 0x00, 0x4D, 0x00, 0x00, 0x00,
    0x60, 0x06, 0x00, 0x00, 0x04, 0x06, 0x00, 0x00, 0x57, 0x1A, 0x2E, 0x19,
    0x03, 0x00, 0x10, 0x00, 0x00, 0x00, 0x00, 0x00, 0x00, 0x00, 0x00, 0x00,
    0x00, 0x00, 0x00, 0x00, 0x00, 0x00, 0x00, 0x00, 0x04, 0x00, 0x10, 0x00,
    0x56, 0x00, 0x00, 0x00, 0x64, 0x0C, 0x00, 0x00, 0x60, 0x05, 0x00, 0x00,
    0xB0, 0x4C, 0xAF, 0x98, 0x05, 0x00, 0x14, 0x00, 0x52, 0x00, 0x00, 0x00,
    0xC4, 0x11, 0x00, 0x00, 0x68, 0x06, 0x00, 0x00, 0x85, 0x81, 0xC0, 0x6A,
    0x06, 0x00, 0x01, 0x00, 0x00, 0x00, 0x00, 0x00, 0x00, 0x00, 0x00, 0x00,
    0x00, 0x00, 0x00, 0x00, 0x00, 0x00, 0x00, 0x00, 0x07, 0x00, 0x1C, 0x00,
    0xCE, 0x01, 0x00, 0x00, 0x2C, 0x18, 0x00, 0x00, 0x88, 0x32, 0x00, 0x00,
    0x72, 0x08, 0xBA, 0x3F, 0x08, 0x00, 0x20, 0x00, 0x01, 0x00, 0x00, 0x00,
    0xB4, 0x4A, 0x00, 0x00, 0x20, 0x00, 0x00, 0x00, 0x3A, 0xC7, 0x9C, 0x93,
    0x09, 0x00, 0x0C, 0x00, 0x01, 0x00, 0x00, 0x00, 0xD4, 0x4A, 0x00, 0x00,
    0x0C, 0x00, 0x00, 0x00, 0x82, 0xEC, 0xE5, 0x87, 0x0A, 0x00, 0x10, 0x00,
    0x00, 0x00, 0x00, 0x00, 0x00, 0x00, 0x00, 0x00, 0x00, 0x00, 0x00, 0x00,
    0x00, 0x00, 0x00, 0x00, 0x0B, 0x00, 0x0C, 0x00, 0x00, 0x00, 0x00, 0x00,
    0x00, 0x00, 0x00, 0x00, 0x00, 0x00, 0x00, 0x00, 0x00, 0x00, 0x00, 0x00,
    0x0C, 0x00, 0x10, 0x00, 0x00, 0x00, 0x00, 0x00, 0x00, 0x00, 0x00, 0x00,
    0x00, 0x00, 0x00, 0x00, 0x00, 0x00, 0x00, 0x00, 0x0D, 0x00, 0x10, 0x00,
    0x00, 0x00, 0x00, 0x00, 0x00, 0x00, 0x00, 0x00, 0x00, 0x00, 0x00, 0x00,
    0x00, 0x00, 0x00, 0x00, 0x00, 0x00, 0x01, 0x01, 0x00, 0x00, 0x00, 0x00,
    0xE4, 0x45, 0xAF, 0xCE, 0x00, 0x00, 0x01, 0x00, 0x01, 0x00, 0x01, 0x01,
    0x01, 0x00, 0x01, 0x00, 0xE7, 0xC6, 0xC4, 0x3C, 0x01, 0x00, 0x01, 0x00,
    0x02, 0x00, 0x01, 0x01, 0x02, 0x00, 0x02, 0x00, 0x13, 0x35, 0x94, 0x2F,
    0x02, 0x00, 0x01, 0x00, 0x03, 0x00, 0x01, 0x01, 0x03, 0x00, 0x03, 0x00,
    0x10, 0xB6, 0xFF, 0xDD, 0x03, 0x00, 0x01, 0x00, 0x04, 0x00, 0x01, 0x01,
    0x04, 0x00, 0x04, 0x00, 0xFB, 0xD2, 0x35, 0x09, 0x04, 0x00, 0x01, 0x00,
    0x05, 0x00, 0x01, 0x01, 0x05, 0x00, 0x05, 0x00, 0xF8, 0x51, 0x5E, 0xFB,
    0x05, 0x00, 0x01, 0x00, 0x06, 0x00, 0x01, 0x01, 0x06, 0x00, 0x06, 0x00,
    0x0C, 0xA2, 0x0E, 0xE8, 0x06, 0x00, 0x01, 0x00, 0x07, 0x00, 0x01, 0x01,
    0x07, 0x00, 0x07, 0x00, 0x0F, 0x21, 0x65, 0x1A, 0x07, 0x00, 0x01, 0x00,
    0x08, 0x00, 0x01, 0x01, 0x08, 0x00, 0x08, 0x00, 0x2B, 0x1D, 0x76, 0x44,
    0x08, 0x00, 0x01, 0x00, 0x09, 0x00, 0x01, 0x01, 0x09, 0x00, 0x09, 0x00,
    0x28, 0x9E, 0x1D, 0xB6, 0x09, 0x00, 0x01, 0x00, 0x0A, 0x00, 0x01, 0x01,
    0x0A, 0x00, 0x0A, 0x00, 0x93, 0xDD, 0x0D, 0xDD, 0x0A, 0x00, 0x01, 0x00,
    0x0B, 0x00, 0x01, 0x01, 0x0B, 0x00, 0x0B, 0x00, 0x90, 0x5E, 0x66, 0x2F,
    0x0B, 0x00, 0x01, 0x00, 0x0C, 0x00, 0x01, 0x01, 0x0C, 0x00, 0x0C, 0x00,
    0x64, 0xAD, 0x36, 0x3C, 0x0C, 0x00, 0x01, 0x00, 0x0D, 0x00, 0x01, 0x01,
    0x0D, 0x00, 0x0D, 0x00, 0x67, 0x2E, 0x5D, 0xCE, 0x0D, 0x00, 0x01, 0x00,
    0x0E, 0x00, 0x01, 0x01, 0x0E, 0x00, 0x0E, 0x00, 0x8C, 0x4A, 0x97, 0x1A,
    0x0E, 0x00, 0x01, 0x00, 0x0F, 0x00, 0x01, 0x01, 0x0F, 0x00, 0x0F, 0x00,
    0x8F, 0xC9, 0xFC, 0xE8, 0x0F, 0x00, 0x01, 0x00, 0x10, 0x00, 0x01, 0x01,
    0x10, 0x00, 0x10, 0x00, 0x7B, 0x3A, 0xAC, 0xFB, 0x10, 0x00, 0x01, 0x00,
    0x11, 0x00, 0x01, 0x01, 0x11, 0x00, 0x11, 0x00, 0x78, 0xB9, 0xC7, 0x09,
    0x11, 0x00, 0x01, 0x00, 0x12, 0x00, 0x01, 0x01, 0x12, 0x00, 0x12, 0x00,
    0x5C, 0x85, 0xD4, 0x57, 0x12, 0x00, 0x01, 0x00, 0x13, 0x00, 0x01, 0x01,
    0x13, 0x00, 0x13, 0x00, 0x5F, 0x06, 0xBF, 0xA5, 0x13, 0x00, 0x01, 0x00,
    0x14, 0x00, 0x01, 0x01, 0x14, 0x00, 0x14, 0x00, 0x0A, 0x75, 0xEA, 0xE9,
    0x14, 0x00, 0x01, 0x00, 0x15, 0x00, 0x01, 0x01, 0x15, 0x00, 0x15, 0x00,
    0x09, 0xF6, 0x81, 0x1B, 0x15, 0x00, 0x01, 0x00, 0x16, 0x00, 0x01, 0x01,
    0x16, 0x00, 0x16, 0x00, 0xFD, 0x05, 0xD1, 0x08, 0x16, 0x00, 0x01, 0x00,
    0x17, 0x00, 0x01, 0x01, 0x17, 0x00, 0x17, 0x00, 0xFE, 0x86, 0xBA, 0xFA,
    0x17, 0x00, 0x01, 0x00, 0x18, 0x00, 0x01, 0x01, 0x18, 0x00, 0x18, 0x00,
    0x15, 0xE2, 0x70, 0x2E, 0x18, 0x00, 0x01, 0x00, 0x19, 0x00, 0x01, 0x01,
    0x19, 0x00, 0x19, 0x00, 0x16, 0x61, 0x1B, 0xDC, 0x19, 0x00, 0x01, 0x00,
    0x1A, 0x00, 0x01, 0x01, 0x1A, 0x00, 0x1A, 0x00, 0xE2, 0x92, 0x4B, 0xCF,
    0x1A, 0x00, 0x01, 0x00, 0x1B, 0x00, 0x01, 0x01, 0x1B, 0x00, 0x1B, 0x00,
    0xE1, 0x11, 0x20, 0x3D, 0x1B, 0x00, 0x01, 0x00, 0x1C, 0x00, 0x01, 0x01,
    0x1C, 0x00, 0x1C, 0x00, 0xC5, 0x2D, 0x33, 0x63, 0x1C, 0x00, 0x01, 0x00,
    0x1D, 0x00, 0x01, 0x01, 0x1D, 0x00, 0x1D, 0x00, 0xC6, 0xAE, 0x58, 0x91,
    0x1D, 0x00, 0x01, 0x00, 0x1E, 0x00, 0x01, 0x01, 0x1E, 0x00, 0x1E, 0x00,
    0x7D, 0xED, 0x48, 0xFA, 0x1E, 0x00, 0x01, 0x00, 0x1F, 0x00, 0x01, 0x01,
    0x1F, 0x00, 0x1F, 0x00, 0x7E, 0x6E, 0x23, 0x08, 0x1F, 0x00, 0x01, 0x00,
    0x20, 0x00, 0x01, 0x01, 0x20, 0x00, 0x20, 0x00, 0x8A, 0x9D, 0x73, 0x1B,
    0x20, 0x00, 0x01, 0x00, 0x21, 0x00, 0x01, 0x01, 0x21, 0x00, 0x21, 0x00,
    0x89, 0x1E, 0x18, 0xE9, 0x21, 0x00, 0x01, 0x00, 0x22, 0x00, 0x01, 0x01,
    0x22, 0x00, 0x22, 0x00, 0x62, 0x7A, 0xD2, 0x3D, 0x22, 0x00, 0x01, 0x00,
    0x23, 0x00, 0x01, 0x01, 0x23, 0x00, 0x23, 0x00, 0x61, 0xF9, 0xB9, 0xCF,
    0x23, 0x00, 0x01, 0x00, 0x24, 0x00, 0x01, 0x01, 0x24, 0x00, 0x24, 0x00,
    0x95, 0x0A, 0xE9, 0xDC, 0x24, 0x00, 0x01, 0x00, 0x25, 0x00, 0x01, 0x01,
    0x25, 0x00, 0x25, 0x00, 0x96, 0x89, 0x82, 0x2E, 0x25, 0x00, 0x01, 0x00,
    0x26, 0x00, 0x01, 0x01, 0x26, 0x00, 0x26, 0x00, 0xB2, 0xB5, 0x91, 0x70,
    0x26, 0x00, 0x01, 0x00, 0x27, 0x00, 0x01, 0x01, 0x27, 0x00, 0x27, 0x00,
    0xB1, 0x36, 0xFA, 0x82, 0x27, 0x00, 0x01, 0x00, 0x28, 0x00, 0x01, 0x01,
    0x28, 0x00, 0x28, 0x00, 0x38, 0x24, 0x25, 0x80, 0x28, 0x00, 0x01, 0x00,
    0x29, 0x00, 0x01, 0x01, 0x29, 0x00, 0x29, 0x00, 0x3B, 0xA7, 0x4E, 0x72,
    0x29, 0x00, 0x01, 0x00, 0x2A, 0x00, 0x01, 0x01, 0x2A, 0x00, 0x2A, 0x00,
    0xCF, 0x54, 0x1E, 0x61, 0x2A, 0x00, 0x01, 0x00, 0x2B, 0x00, 0x01, 0x01,
    0x2B, 0x00, 0x2B, 0x00, 0xCC, 0xD7, 0x75, 0x93, 0x2B, 0x00, 0x01, 0x00,
    0x2C, 0x00, 0x01, 0x01, 0x2C, 0x00, 0x2C, 0x00, 0x27, 0xB3, 0xBF, 0x47,
    0x2C, 0x00, 0x01, 0x00, 0x2D, 0x00, 0x01, 0x01, 0x2D, 0x00, 0x2D, 0x00,
    0x24, 0x30, 0xD4, 0xB5, 0x2D, 0x00, 0x01, 0x00, 0x2E, 0x00, 0x01, 0x01,
    0x2E, 0x00, 0x2E, 0x00, 0xD0, 0xC3, 0x84, 0xA6, 0x2E, 0x00, 0x01, 0x00,
    0x2F, 0x00, 0x01, 0x01, 0x2F, 0x00, 0x2F, 0x00, 0xD3, 0x40, 0xEF, 0x54,
    0x2F, 0x00, 0x01, 0x00, 0x30, 0x00, 0x01, 0x01, 0x30, 0x00, 0x30, 0x00,
    0xF7, 0x7C, 0xFC, 0x0A, 0x30, 0x00, 0x01, 0x00, 0x31, 0x00, 0x01, 0x01,
    0x31, 0x00, 0x31, 0x00, 0xF4, 0xFF, 0x97, 0xF8, 0x31, 0x00, 0x01, 0x00,
    0x32, 0x00, 0x01, 0x01, 0x32, 0x00, 0x32, 0x00, 0x4F, 0xBC, 0x87, 0x93,
    0x32, 0x00, 0x01, 0x00, 0x33, 0x00, 0x01, 0x01, 0x33, 0x00, 0x33, 0x00,
    0x4C, 0x3F, 0xEC, 0x61, 0x33, 0x00, 0x01, 0x00, 0x34, 0x00, 0x01, 0x01,
    0x34, 0x00, 0x34, 0x00, 0xB8, 0xCC, 0xBC, 0x72, 0x34, 0x00, 0x01, 0x00,
    0x35, 0x00, 0x01, 0x01, 0x35, 0x00, 0x35, 0x00, 0xBB, 0x4F, 0xD7, 0x80,
    0x35, 0x00, 0x01, 0x00, 0x36, 0x00, 0x01, 0x01, 0x36, 0x00, 0x36, 0x00,
    0x50, 0x2B, 0x1D, 0x54, 0x36, 0x00, 0x01, 0x00, 0x37, 0x00, 0x01, 0x01,
    0x37, 0x00, 0x37, 0x00, 0x53, 0xA8, 0x76, 0xA6, 0x37, 0x00, 0x01, 0x00,
    0x38, 0x00, 0x01, 0x01, 0x38, 0x00, 0x38, 0x00, 0xA7, 0x5B, 0x26, 0xB5,
    0x38, 0x00, 0x01, 0x00, 0x39, 0x00, 0x01, 0x01, 0x39, 0x00, 0x39, 0x00,
    0xA4, 0xD8, 0x4D, 0x47, 0x39, 0x00, 0x01, 0x00, 0x3A, 0x00, 0x01, 0x01,
    0x3A, 0x00, 0x3A, 0x00, 0x80, 0xE4, 0x5E, 0x19, 0x3A, 0x00, 0x01, 0x00,
    0x3B, 0x00, 0x01, 0x01, 0x3B, 0x00, 0x3B, 0x00, 0x83, 0x67, 0x35, 0xEB,
    0x3B, 0x00, 0x01, 0x00, 0x3C, 0x00, 0x01, 0x01, 0x3C, 0x00, 0x3C, 0x00,
    0xD6, 0x14, 0x60, 0xA7, 0x3C, 0x00, 0x01, 0x00, 0x3D, 0x00, 0x01, 0x01,
    0x3D, 0x00, 0x3D, 0x00, 0xD5, 0x97, 0x0B, 0x55, 0x3D, 0x00, 0x01, 0x00,
    0x3E, 0x00, 0x01, 0x01, 0x3E, 0x00, 0x3E, 0x00, 0x21, 0x64, 0x5B, 0x46,
    0x3E, 0x00, 0x01, 0x00, 0x3F, 0x00, 0x01, 0x01, 0x3F, 0x00, 0x3F, 0x00,
    0x22, 0xE7, 0x30, 0xB4, 0x3F, 0x00, 0x01, 0x00, 0x40, 0x00, 0x01, 0x01,
    0x40, 0x00, 0x40, 0x00, 0xC9, 0x83, 0xFA, 0x60, 0x40, 0x00, 0x01, 0x00,
    0x41, 0x00, 0x01, 0x01, 0x41, 0x00, 0x41, 0x00, 0xCA, 0x00, 0x91, 0x92,
    0x41, 0x00, 0x01, 0x00, 0x42, 0x00, 0x01, 0x01, 0x42, 0x00, 0x42, 0x00,
    0x3E, 0xF3, 0xC1, 0x81, 0x42, 0x00, 0x01, 0x00, 0x43, 0x00, 0x01, 0x01,
    0x43, 0x00, 0x43, 0x00, 0x3D, 0x70, 0xAA, 0x73, 0x43, 0x00, 0x01, 0x00,
    0x44, 0x00, 0x01, 0x01, 0x44, 0x00, 0x44, 0x00, 0x19, 0x4C, 0xB9, 0x2D,
    0x44, 0x00, 0x01, 0x00, 0x45, 0x00, 0x01, 0x01, 0x45, 0x00, 0x45, 0x00,
    0x1A, 0xCF, 0xD2, 0xDF, 0x45, 0x00, 0x01, 0x00, 0x46, 0x00, 0x01, 0x01,
    0x46, 0x00, 0x46, 0x00, 0xA1, 0x8C, 0xC2, 0xB4, 0x46, 0x00, 0x01, 0x00,
    0x47, 0x00, 0x01, 0x01, 0x47, 0x00, 0x47, 0x00, 0xA2, 0x0F, 0xA9, 0x46,
    0x47, 0x00, 0x01, 0x00, 0x48, 0x00, 0x01, 0x01, 0x48, 0x00, 0x48, 0x00,
    0x56, 0xFC, 0xF9, 0x55, 0x48, 0x00, 0x01, 0x00, 0x49, 0x00, 0x01, 0x01,
    0x49, 0x00, 0x49, 0x00, 0x55, 0x7F, 0x92, 0xA7, 0x49, 0x00, 0x01, 0x00,
    0x4A, 0x00, 0x01, 0x01, 0x4A, 0x00, 0x4A, 0x00, 0xBE, 0x1B, 0x58, 0x73,
    0x4A, 0x00, 0x01, 0x00, 0x4B, 0x00, 0x01, 0x01, 0x4B, 0x00, 0x4B, 0x00,
    0xBD, 0x98, 0x33, 0x81, 0x4B, 0x00, 0x01, 0x00, 0x4C, 0x00, 0x01, 0x01,
    0x4C, 0x00, 0x4C, 0x00, 0x49, 0x6B, 0x63, 0x92, 0x4C, 0x00, 0x01, 0x00,
    0x4D, 0x00, 0x03, 0x02, 0x00, 0x00, 0x00, 0x00, 0x9F, 0x05, 0x19, 0x03,
    0xFF, 0xFF, 0x00, 0x00, 0x4E, 0x00, 0x05, 0x02, 0x01, 0x00, 0x00, 0x00,
    0x29, 0x42, 0xB9, 0x9B, 0xFF, 0xFF, 0x00, 0x00, 0x00, 0x00, 0x00, 0x00,
    0x01, 0x02, 0x00, 0x00, 0x06, 0x00, 0x01, 0x00, 0x02, 0x00, 0x00, 0x00,
    0x00, 0x00, 0x00, 0x00, 0x01, 0x00, 0x01, 0x00, 0x01, 0x02, 0x06, 0x00,
    0x06, 0x00, 0x01, 0x00, 0x02, 0x00, 0x00, 0x00, 0x00, 0x00, 0x00, 0x00,
    0x02, 0x00, 0x02, 0x00, 0x01, 0x02, 0x0C, 0x00, 0x06, 0x00, 0x01, 0x00,
    0x02, 0x00, 0x00, 0x00, 0x00, 0x00, 0x00, 0x00, 0x03, 0x00, 0x03, 0x00,
    0x01, 0x02, 0x12, 0x00, 0x06, 0x00, 0x01, 0x00, 0x02, 0x00, 0x00, 0x00,
    0x00, 0x00, 0x00, 0x00, 0x04, 0x00, 0x04, 0x00, 0x01, 0x02, 0x18, 0x00,
    0x06, 0x00, 0x01, 0x00, 0x02, 0x00, 0x00, 0x00, 0x00, 0x00, 0x00, 0x00,
    0x05, 0x00, 0x05, 0x00, 0x01, 0x02, 0x1E, 0x00, 0x06, 0x00, 0x01, 0x00,
    0x02, 0x00, 0x00, 0x00, 0x00, 0x00, 0x00, 0x00, 0x06, 0x00, 0x06, 0x00,
    0x01, 0x02, 0x24, 0x00, 0x06, 0x00, 0x01, 0x00, 0x02, 0x00, 0x00, 0x00,
    0x00, 0x00, 0x00, 0x00, 0x07, 0x00, 0x07, 0x00, 0x01, 0x02, 0x2A, 0x00,
    0x06, 0x00, 0x01, 0x00, 0x02, 0x00, 0x00, 0x00, 0x00, 0x00, 0x00, 0x00,
    0x08, 0x00, 0x08, 0x00, 0x01, 0x02, 0x30, 0x00, 0x06, 0x00, 0x01, 0x00,
    0x02, 0x00, 0x00, 0x00, 0x00, 0x00, 0x00, 0x00, 0x09, 0x00, 0x09, 0x00,
    0x01, 0x02, 0x36, 0x00, 0x06, 0x00, 0x01, 0x00, 0x02, 0x00, 0x00, 0x00,
    0x00, 0x00, 0x00, 0x00, 0x0A, 0x00, 0x0A, 0x00, 0x01, 0x02, 0x3C, 0x00,
    0x06, 0x00, 0x01, 0x00, 0x02, 0x00, 0x00, 0x00, 0x00, 0x00, 0x00, 0x00,
    0x0B, 0x00, 0x0B, 0x00, 0x01, 0x02, 0x42, 0x00, 0x06, 0x00, 0x01, 0x00,
    0x02, 0x00, 0x00, 0x00, 0x00, 0x00, 0x00, 0x00, 0x0C, 0x00, 0x0C, 0x00,
    0x01, 0x02, 0x48, 0x00, 0x06, 0x00, 0x01, 0x00, 0x02, 0x00, 0x00, 0x00,
    0x00, 0x00, 0x00, 0x00, 0x0D, 0x00, 0x0D, 0x00, 0x01, 0x02, 0x4E, 0x00,
    0x06, 0x00, 0x01, 0x00, 0x02, 0x00, 0x00, 0x00, 0x00, 0x00, 0x00, 0x00,
    0x0E, 0x00, 0x0E, 0x00, 0x01, 0x02, 0x54, 0x00, 0x06, 0x00, 0x01, 0x00,
    0x02, 0x00, 0x00, 0x00, 0x00, 0x00, 0x00, 0x00, 0x0F, 0x00, 0x0F, 0x00,
    0x01, 0x02, 0x5A, 0x00, 0x06, 0x00, 0x01, 0x00, 0x02, 0x00, 0x00, 0x00,
    0x00, 0x00, 0x00, 0x00, 0x10, 0x00, 0x10, 0x00, 0x01, 0x02, 0x60, 0x00,
    0x06, 0x00, 0x01, 0x00, 0x02, 0x00, 0x00, 0x00, 0x00, 0x00, 0x00, 0x00,
    0x11, 0x00, 0x11, 0x00, 0x01, 0x02, 0x66, 0x00, 0x06, 0x00, 0x01, 0x00,
    0x02, 0x00, 0x00, 0x00, 0x00, 0x00, 0x00, 0x00, 0x12, 0x00, 0x12, 0x00,
    0x01, 0x02, 0x6C, 0x00, 0x06, 0x00, 0x01, 0x00, 0x02, 0x00, 0x00, 0x00,
    0x00, 0x00, 0x00, 0x00, 0x13, 0x00, 0x13, 0x00, 0x01, 0x02, 0x72, 0x00,
    0x06, 0x00, 0x01, 0x00, 0x02, 0x00, 0x00, 0x00, 0x00, 0x00, 0x00, 0x00,
    0x14, 0x00, 0x14, 0x00, 0x01, 0x02, 0x78, 0x00, 0x06, 0x00, 0x01, 0x00,
    0x02, 0x00, 0x00, 0x00, 0x00, 0x00, 0x00, 0x00, 0x15, 0x00, 0x15, 0x00,
    0x01, 0x02, 0x7E, 0x00, 0x06, 0x00, 0x01, 0x00, 0x02, 0x00, 0x00, 0x00,
    0x00, 0x00, 0x00, 0x00, 0x16, 0x00, 0x16, 0x00, 0x01, 0x02, 0x84, 0x00,
    0x06, 0x00, 0x01, 0x00, 0x02, 0x00, 0x00, 0x00, 0x00, 0x00, 0x00, 0x00,
    0x17, 0x00, 0x17, 0x00, 0x01, 0x02, 0x8A, 0x00, 0x06, 0x00, 0x01, 0x00,
    0x02, 0x00, 0x00, 0x00, 0x00, 0x00, 0x00, 0x00, 0x18, 0x00, 0x18, 0x00,
    0x01, 0x02, 0x90, 0x00, 0x06, 0x00, 0x01, 0x00, 0x02, 0x00, 0x00, 0x00,
    0x00, 0x00, 0x00, 0x00, 0x19, 0x00, 0x19, 0x00, 0x01, 0x02, 0x96, 0x00,
    0x06, 0x00, 0x01, 0x00, 0x02, 0x00, 0x00, 0x00, 0x00, 0x00, 0x00, 0x00,
    0x1A, 0x00, 0x1A, 0x00, 0x01, 0x02, 0x9C, 0x00, 0x06, 0x00, 0x01, 0x00,
    0x02, 0x00, 0x00, 0x00, 0x00, 0x00, 0x00, 0x00, 0x1B, 0x00, 0x1B, 0x00,
    0x01, 0x02, 0xA2, 0x00, 0x06, 0x00, 0x01, 0x00, 0x02, 0x00, 0x00, 0x00,
    0x00, 0x00, 0x00, 0x00, 0x1C, 0x00, 0x1C, 0x00, 0x01, 0x02, 0xA8, 0x00,
    0x06, 0x00, 0x01, 0x00, 0x02, 0x00, 0x00, 0x00, 0x00, 0x00, 0x00, 0x00,
    0x1D, 0x00, 0x1D, 0x00, 0x01, 0x02, 0xAE, 0x00, 0x06, 0x00, 0x01, 0x00,
    0x02, 0x00, 0x00, 0x00, 0x00, 0x00, 0x00, 0x00, 0x1E, 0x00, 0x1E, 0x00,
    0x01, 0x02, 0xB4, 0x00, 0x06, 0x00, 0x01, 0x00, 0x02, 0x00, 0x00, 0x00,
    0x00, 0x00, 0x00, 0x00, 0x1F, 0x00, 0x1F, 0x00, 0x01, 0x02, 0xBA, 0x00,
    0x06, 0x00, 0x01, 0x00, 0x02, 0x00, 0x00, 0x00, 0x00, 0x00, 0x00, 0x00,
    0x20, 0x00, 0x20, 0x00, 0x01, 0x02, 0xC0, 0x00, 0x06, 0x00, 0x01, 0x00,
    0x02, 0x00, 0x00, 0x00, 0x00, 0x00, 0x00, 0x00, 0x21, 0x00, 0x21, 0x00,
    0x01, 0x02, 0xC6, 0x00, 0x06, 0x00, 0x01, 0x00, 0x02, 0x00, 0x00, 0x00,
    0x00, 0x00, 0x00, 0x00, 0x22, 0x00, 0x22, 0x00, 0x01, 0x02, 0xCC, 0x00,
    0x06, 0x00, 0x01, 0x00, 0x02, 0x00, 0x00, 0x00, 0x00, 0x00, 0x00, 0x00,
    0x23, 0x00, 0x23, 0x00, 0x01, 0x02, 0xD2, 0x00, 0x06, 0x00, 0x01, 0x00,
    0x02, 0x00, 0x00, 0x00, 0x00, 0x00, 0x00, 0x00, 0x24, 0x00, 0x24, 0x00,
    0x01, 0x02, 0xD8, 0x00, 0x06, 0x00, 0x01, 0x00, 0x02, 0x00, 0x00, 0x00,
    0x00, 0x00, 0x00, 0x00, 0x25, 0x00, 0x25, 0x00, 0x01, 0x02, 0xDE, 0x00,
    0x06, 0x00, 0x01, 0x00, 0x02, 0x00, 0x00, 0x00, 0x00, 0x00, 0x00, 0x00,
    0x26, 0x00, 0x26, 0x00, 0x01, 0x02, 0xE4, 0x00, 0x06, 0x00, 0x01, 0x00,
    0x02, 0x00, 0x00, 0x00, 0x00, 0x00, 0x00, 0x00, 0x27, 0x00, 0x27, 0x00,
    0x01, 0x02, 0xEA, 0x00, 0x06, 0x00, 0x01, 0x00, 0x02, 0x00, 0x00, 0x00,
    0x00, 0x00, 0x00, 0x00, 0x28, 0x00, 0x28, 0x00, 0x01, 0x02, 0xF0, 0x00,
    0x06, 0x00, 0x01, 0x00, 0x02, 0x00, 0x00, 0x00, 0x00, 0x00, 0x00, 0x00,
    0x29, 0x00, 0x29, 0x00, 0x01, 0x02, 0xF6, 0x00, 0x06, 0x00, 0x01, 0x00,
    0x02, 0x00, 0x00, 0x00, 0x00, 0x00, 0x00, 0x00, 0x2A, 0x00, 0x2A, 0x00,
    0x01, 0x02, 0xFC, 0x00, 0x06, 0x00, 0x01, 0x00, 0x02, 0x00, 0x00, 0x00,
    0x00, 0x00, 0x00, 0x00, 0x2B, 0x00, 0x2B, 0x00, 0x01, 0x02, 0x02, 0x01,
    0x06, 0x00, 0x01, 0x00, 0x02, 0x00, 0x00, 0x00, 0x00, 0x00, 0x00, 0x00,
    0x2C, 0x00, 0x2C, 0x00, 0x01, 0x02, 0x08, 0x01, 0x06, 0x00, 0x01, 0x00,
    0x02, 0x00, 0x00, 0x00, 0x00, 0x00, 0x00, 0x00, 0x2D, 0x00, 0x2D, 0x00,
    0x01, 0x02, 0x0E, 0x01, 0x06, 0x00, 0x01, 0x00, 0x02, 0x00, 0x00, 0x00,
    0x00, 0x00, 0x00, 0x00, 0x2E, 0x00, 0x2E, 0x00, 0x01, 0x02, 0x14, 0x01,
    0x06, 0x00, 0x01, 0x00, 0x02, 0x00, 0x00, 0x00, 0x00, 0x00, 0x00, 0x00,
    0x2F, 0x00, 0x2F, 0x00, 0x01, 0x02, 0x1A, 0x01, 0x06, 0x00, 0x01, 0x00,
    0x02, 0x00, 0x00, 0x00, 0x00, 0x00, 0x00, 0x00, 0x30, 0x00, 0x30, 0x00,
    0x01, 0x02, 0x20, 0x01, 0x06, 0x00, 0x01, 0x00, 0x02, 0x00, 0x00, 0x00,
    0x00, 0x00, 0x00, 0x00, 0x31, 0x00, 0x31, 0x00, 0x01, 0x02, 0x26, 0x01,
    0x06, 0x00, 0x01, 0x00, 0x02, 0x00, 0x00, 0x00, 0x00, 0x00, 0x00, 0x00,
    0x32, 0x00, 0x32, 0x00, 0x01, 0x02, 0x2C, 0x01, 0x06, 0x00, 0x01, 0x00,
    0x02, 0x00, 0x00, 0x00, 0x00, 0x00, 0x00, 0x00, 0x33, 0x00, 0x33, 0x00,
    0x01, 0x02, 0x32, 0x01, 0x06, 0x00, 0x01, 0x00, 0x02, 0x00, 0x00, 0x00,
    0x00, 0x00, 0x00, 0x00, 0x34, 0x00, 0x34, 0x00, 0x01, 0x02, 0x38, 0x01,
    0x06, 0x00, 0x01, 0x00, 0x02, 0x00, 0x00, 0x00, 0x00, 0x00, 0x00, 0x00,
    0x35, 0x00, 0x35, 0x00, 0x01, 0x02, 0x3E, 0x01, 0x06, 0x00, 0x01, 0x00,
    0x02, 0x00, 0x00, 0x00, 0x00, 0x00, 0x00, 0x00, 0x36, 0x00, 0x36, 0x00,
    0x01, 0x02, 0x44, 0x01, 0x06, 0x00, 0x01, 0x00, 0x02, 0x00, 0x00, 0x00,
    0x00, 0x00, 0x00, 0x00, 0x37, 0x00, 0x37, 0x00, 0x01, 0x02, 0x4A, 0x01,
    0x06, 0x00, 0x01, 0x00, 0x02, 0x00, 0x00, 0x00, 0x00, 0x00, 0x00, 0x00,
    0x38, 0x00, 0x38, 0x00, 0x01, 0x02, 0x50, 0x01, 0x06, 0x00, 0x01, 0x00,
    0x02, 0x00, 0x00, 0x00, 0x00, 0x00, 0x00, 0x00, 0x39, 0x00, 0x39, 0x00,
    0x01, 0x02, 0x56, 0x01, 0x06, 0x00, 0x01, 0x00, 0x02, 0x00, 0x00, 0x00,
    0x00, 0x00, 0x00, 0x00, 0x3A, 0x00, 0x3A, 0x00, 0x01, 0x02, 0x5C, 0x01,
    0x06, 0x00, 0x01, 0x00, 0x02, 0x00, 0x00, 0x00, 0x00, 0x00, 0x00, 0x00,
    0x3B, 0x00, 0x3B, 0x00, 0x01, 0x02, 0x62, 0x01, 0x06, 0x00, 0x01, 0x00,
    0x02, 0x00, 0x00, 0x00, 0x00, 0x00, 0x00, 0x00, 0x3C, 0x00, 0x3C, 0x00,
    0x01, 0x02, 0x68, 0x01, 0x06, 0x00, 0x01, 0x00, 0x02, 0x00, 0x00, 0x00,
    0x00, 0x00, 0x00, 0x00, 0x3D, 0x00, 0x3D, 0x00, 0x01, 0x02, 0x6E, 0x01,
    0x06, 0x00, 0x01, 0x00, 0x02, 0x00, 0x00, 0x00, 0x00, 0x00, 0x00, 0x00,
    0x3E, 0x00, 0x3E, 0x00, 0x01, 0x02, 0x74, 0x01, 0x06, 0x00, 0x01, 0x00,
    0x02, 0x00, 0x00, 0x00, 0x00, 0x00, 0x00, 0x00, 0x3F, 0x00, 0x3F, 0x00,
    0x01, 0x02, 0x7A, 0x01, 0x06, 0x00, 0x01, 0x00, 0x02, 0x00, 0x00, 0x00,
    0x00, 0x00, 0x00, 0x00, 0x40, 0x00, 0x40, 0x00, 0x01, 0x02, 0x80, 0x01,
    0x06, 0x00, 0x01, 0x00, 0x02, 0x00, 0x00, 0x00, 0x00, 0x00, 0x00, 0x00,
    0x41, 0x00, 0x41, 0x00, 0x01, 0x02, 0x86, 0x01, 0x06, 0x00, 0x01, 0x00,
    0x02, 0x00, 0x00, 0x00, 0x00, 0x00, 0x00, 0x00, 0x42, 0x00, 0x42, 0x00,
    0x01, 0x02, 0x8C, 0x01, 0x06, 0x00, 0x01, 0x00, 0x02, 0x00, 0x00, 0x00,
    0x00, 0x00, 0x00, 0x00, 0x43, 0x00, 0x43, 0x00, 0x01, 0x02, 0x92, 0x01,
    0x06, 0x00, 0x01, 0x00, 0x02, 0x00, 0x00, 0x00, 0x00, 0x00, 0x00, 0x00,
    0x44, 0x00, 0x44, 0x00, 0x01, 0x02, 0x98, 0x01, 0x06, 0x00, 0x01, 0x00,
    0x02, 0x00, 0x00, 0x00, 0x00, 0x00, 0x00, 0x00, 0x45, 0x00, 0x45, 0x00,
    0x01, 0x02, 0x9E, 0x01, 0x06, 0x00, 0x01, 0x00, 0x02, 0x00, 0x00, 0x00,
    0x00, 0x00, 0x00, 0x00, 0x46, 0x00, 0x46, 0x00, 0x01, 0x02, 0xA4, 0x01,
    0x06, 0x00, 0x01, 0x00, 0x02, 0x00, 0x00, 0x00, 0x00, 0x00, 0x00, 0x00,
    0x47, 0x00, 0x47, 0x00, 0x01, 0x02, 0xAA, 0x01, 0x06, 0x00, 0x01, 0x00,
    0x02, 0x00, 0x00, 0x00, 0x00, 0x00, 0x00, 0x00, 0x48, 0x00, 0x48, 0x00,
    0x01, 0x02, 0xB0, 0x01, 0x06, 0x00, 0x01, 0x00, 0x02, 0x00, 0x00, 0x00,
    0x00, 0x00, 0x00, 0x00, 0x49, 0x00, 0x49, 0x00, 0x01, 0x02, 0xB6, 0x01,
    0x06, 0x00, 0x01, 0x00, 0x02, 0x00, 0x00, 0x00, 0x00, 0x00, 0x00, 0x00,
    0x4A, 0x00, 0x4A, 0x00, 0x01, 0x02, 0xBC, 0x01, 0x06, 0x00, 0x01, 0x00,
    0x02, 0x00, 0x00, 0x00, 0x00, 0x00, 0x00, 0x00, 0x4B, 0x00, 0x4B, 0x00,
    0x01, 0x02, 0xC2, 0x01, 0x06, 0x00, 0x01, 0x00, 0x02, 0x00, 0x00, 0x00,
    0x00, 0x00, 0x00, 0x00, 0x4C, 0x00, 0x4C, 0x00, 0x01, 0x02, 0xC8, 0x01,
    0x06, 0x00, 0x01, 0x00, 0x02, 0x00, 0x00, 0x00, 0x00, 0x00, 0x00, 0x00,
    0x00, 0x00, 0x00, 0x00, 0x01, 0x00, 0x00, 0x00, 0xFF, 0xFF, 0x01, 0x00,
    0x00, 0x00, 0x00, 0x00, 0x01, 0x00, 0x00, 0x00, 0x01, 0x00, 0x01, 0x00,
    0xFF, 0xFF, 0x01, 0x00, 0x01, 0x00, 0x00, 0x00, 0x02, 0x00, 0x00, 0x00,
    0x01, 0x00, 0x02, 0x00, 0xFF, 0xFF, 0x01, 0x00, 0x02, 0x00, 0x00, 0x00,
    0x03, 0x00, 0x00, 0x00, 0x01, 0x00, 0x03, 0x00, 0xFF, 0xFF, 0x01, 0x00,
    0x03, 0x00, 0x00, 0x00, 0x04, 0x00, 0x00, 0x00, 0x01, 0x00, 0x04, 0x00,
    0xFF, 0xFF, 0x01, 0x00, 0x04, 0x00, 0x00, 0x00, 0x05, 0x00, 0x00, 0x00,
    0x01, 0x00, 0x05, 0x00, 0xFF, 0xFF, 0x01, 0x00, 0x05, 0x00, 0x00, 0x00,
    0x06, 0x00, 0x00, 0x00, 0x01, 0x00, 0x06, 0x00, 0xFF, 0xFF, 0x01, 0x00,
    0x06, 0x00, 0x00, 0x00, 0x07, 0x00, 0x00, 0x00, 0x01, 0x00, 0x07, 0x00,
    0xFF, 0xFF, 0x01, 0x00, 0x07, 0x00, 0x00, 0x00, 0x08, 0x00, 0x00, 0x00,
    0x01, 0x00, 0x08, 0x00, 0xFF, 0xFF, 0x01, 0x00, 0x08, 0x00, 0x00, 0x00,
    0x09, 0x00, 0x00, 0x00, 0x01, 0x00, 0x09, 0x00, 0xFF, 0xFF, 0x01, 0x00,
    0x09, 0x00, 0x00, 0x00, 0x0A, 0x00, 0x00, 0x00, 0x01, 0x00, 0x0A, 0x00,
    0xFF, 0xFF, 0x01, 0x00, 0x0A, 0x00, 0x00, 0x00, 0x0B, 0x00, 0x00, 0x00,
    0x01, 0x00, 0x0B, 0x00, 0xFF, 0xFF, 0x01, 0x00, 0x0B, 0x00, 0x00, 0x00,
    0x0C, 0x00, 0x00, 0x00, 0x01, 0x00, 0x0C, 0x00, 0xFF, 0xFF, 0x01, 0x00,
    0x0C, 0x00, 0x00, 0x00, 0x0D, 0x00, 0x00, 0x00, 0x01, 0x00, 0x0D, 0x00,
    0xFF, 0xFF, 0x01, 0x00, 0x0D, 0x00, 0x00, 0x00, 0x0E, 0x00, 0x00, 0x00,
    0x01, 0x00, 0x0E, 0x00, 0xFF, 0xFF, 0x01, 0x00, 0x0E, 0x00, 0x00, 0x00,
    0x0F, 0x00, 0x00, 0x00, 0x01, 0x00, 0x0F, 0x00, 0xFF, 0xFF, 0x01, 0x00,
    0x0F, 0x00, 0x00, 0x00, 0x10, 0x00, 0x00, 0x00, 0x01, 0x00, 0x10, 0x00,
    0xFF, 0xFF, 0x01, 0x00, 0x10, 0x00, 0x00, 0x00, 0x11, 0x00, 0x00, 0x00,
    0x01, 0x00, 0x11, 0x00, 0xFF, 0xFF, 0x01, 0x00, 0x11, 0x00, 0x00, 0x00,
    0x12, 0x00, 0x00, 0x00, 0x01, 0x00, 0x12, 0x00, 0xFF, 0xFF, 0x01, 0x00,
    0x12, 0x00, 0x00, 0x00, 0x13, 0x00, 0x00, 0x00, 0x01, 0x00, 0x13, 0x00,
    0xFF, 0xFF, 0x01, 0x00, 0x13, 0x00, 0x00, 0x00, 0x14, 0x00, 0x00, 0x00,
    0x01, 0x00, 0x14, 0x00, 0xFF, 0xFF, 0x01, 0x00, 0x14, 0x00, 0x00, 0x00,
    0x15, 0x00, 0x00, 0x00, 0x01, 0x00, 0x15, 0x00, 0xFF, 0xFF, 0x01, 0x00,
    0x15, 0x00, 0x00, 0x00, 0x16, 0x00, 0x00, 0x00, 0x01, 0x00, 0x16, 0x00,
    0xFF, 0xFF, 0x01, 0x00, 0x16, 0x00, 0x00, 0x00, 0x17, 0x00, 0x00, 0x00,
    0x01, 0x00, 0x17, 0x00, 0xFF, 0xFF, 0x01, 0x00, 0x17, 0x00, 0x00, 0x00,
    0x18, 0x00, 0x00, 0x00, 0x01, 0x00, 0x18, 0x00, 0xFF, 0xFF, 0x01, 0x00,
    0x18, 0x00, 0x00, 0x00, 0x19, 0x00, 0x00, 0x00, 0x01, 0x00, 0x19, 0x00,
    0xFF, 0xFF, 0x01, 0x00, 0x19, 0x00, 0x00, 0x00, 0x1A, 0x00, 0x00, 0x00,
    0x01, 0x00, 0x1A, 0x00, 0xFF, 0xFF, 0x01, 0x00, 0x1A, 0x00, 0x00, 0x00,
    0x1B, 0x00, 0x00, 0x00, 0x01, 0x00, 0x1B, 0x00, 0xFF, 0xFF, 0x01, 0x00,
    0x1B, 0x00, 0x00, 0x00, 0x1C, 0x00, 0x00, 0x00, 0x01, 0x00, 0x1C, 0x00,
    0xFF, 0xFF, 0x01, 0x00, 0x1C, 0x00, 0x00, 0x00, 0x1D, 0x00, 0x00, 0x00,
    0x01, 0x00, 0x1D, 0x00, 0xFF, 0xFF, 0x01, 0x00, 0x1D, 0x00, 0x00, 0x00,
    0x1E, 0x00, 0x00, 0x00, 0x01, 0x00, 0x1E, 0x00, 0xFF, 0xFF, 0x01, 0x00,
    0x1E, 0x00, 0x00, 0x00, 0x1F, 0x00, 0x00, 0x00, 0x01, 0x00, 0x1F, 0x00,
    0xFF, 0xFF, 0x01, 0x00, 0x1F, 0x00, 0x00, 0x00, 0x20, 0x00, 0x00, 0x00,
    0x01, 0x00, 0x20, 0x00, 0xFF, 0xFF, 0x01, 0x00, 0x20, 0x00, 0x00, 0x00,
    0x21, 0x00, 0x00, 0x00, 0x01, 0x00, 0x21, 0x00, 0xFF, 0xFF, 0x01, 0x00,
    0x21, 0x00, 0x00, 0x00, 0x22, 0x00, 0x00, 0x00, 0x01, 0x00, 0x22, 0x00,
    0xFF, 0xFF, 0x01, 0x00, 0x22, 0x00, 0x00, 0x00, 0x23, 0x00, 0x00, 0x00,
    0x01, 0x00, 0x23, 0x00, 0xFF, 0xFF, 0x01, 0x00, 0x23, 0x00, 0x00, 0x00,
    0x24, 0x00, 0x00, 0x00, 0x01, 0x00, 0x24, 0x00, 0xFF, 0xFF, 0x01, 0x00,
    0x24, 0x00, 0x00, 0x00, 0x25, 0x00, 0x00, 0x00, 0x01, 0x00, 0x25, 0x00,
    0xFF, 0xFF, 0x01, 0x00, 0x25, 0x00, 0x00, 0x00, 0x26, 0x00, 0x00, 0x00,
    0x01, 0x00, 0x27, 0x00, 0xFF, 0xFF, 0x01, 0x00, 0x26, 0x00, 0x00, 0x00,
    0x27, 0x00, 0x00, 0x00, 0x01, 0x00, 0x28, 0x00, 0xFF, 0xFF, 0x01, 0x00,
    0x27, 0x00, 0x00, 0x00, 0x28, 0x00, 0x00, 0x00, 0x01, 0x00, 0x29, 0x00,
    0xFF, 0xFF, 0x01, 0x00, 0x28, 0x00, 0x00, 0x00, 0x29, 0x00, 0x00, 0x00,
    0x01, 0x00, 0x2A, 0x00, 0xFF, 0xFF, 0x01, 0x00, 0x29, 0x00, 0x00, 0x00,
    0x2A, 0x00, 0x00, 0x00, 0x01, 0x00, 0x2B, 0x00, 0xFF, 0xFF, 0x01, 0x00,
    0x2A, 0x00, 0x00, 0x00, 0x2B, 0x00, 0x00, 0x00, 0x01, 0x00, 0x2C, 0x00,
    0xFF, 0xFF, 0x01, 0x00, 0x2B, 0x00, 0x00, 0x00, 0x2C, 0x00, 0x00, 0x00,
    0x01, 0x00, 0x2D, 0x00, 0xFF, 0xFF, 0x01, 0x00, 0x2C, 0x00, 0x00, 0x00,
    0x2D, 0x00, 0x00, 0x00, 0x01, 0x00, 0x2E, 0x00, 0xFF, 0xFF, 0x01, 0x00,
    0x2D, 0x00, 0x00, 0x00, 0x2E, 0x00, 0x00, 0x00, 0x01, 0x00, 0x2F, 0x00,
    0xFF, 0xFF, 0x01, 0x00, 0x2E, 0x00, 0x00, 0x00, 0x2F, 0x00, 0x00, 0x00,
    0x01, 0x00, 0x30, 0x00, 0xFF, 0xFF, 0x01, 0x00, 0x2F, 0x00, 0x00, 0x00,
    0x30, 0x00, 0x00, 0x00, 0x01, 0x00, 0x31, 0x00, 0xFF, 0xFF, 0x01, 0x00,
    0x30, 0x00, 0x00, 0x00, 0x31, 0x00, 0x00, 0x00, 0x01, 0x00, 0x32, 0x00,
    0xFF, 0xFF, 0x01, 0x00, 0x31, 0x00, 0x00, 0x00, 0x32, 0x00, 0x00, 0x00,
    0x01, 0x00, 0x33, 0x00, 0xFF, 0xFF, 0x01, 0x00, 0x32, 0x00, 0x00, 0x00,
    0x33, 0x00, 0x00, 0x00, 0x01, 0x00, 0x34, 0x00, 0xFF, 0xFF, 0x01, 0x00,
    0x33, 0x00, 0x00, 0x00, 0x34, 0x00, 0x00, 0x00, 0x01, 0x00, 0x35, 0x00,
    0xFF, 0xFF, 0x01, 0x00, 0x34, 0x00, 0x00, 0x00, 0x35, 0x00, 0x00, 0x00,
    0x01, 0x00, 0x36, 0x00, 0xFF, 0xFF, 0x01, 0x00, 0x15, 0x00, 0x00, 0x00,
    0x36, 0x00, 0x00, 0x00, 0x01, 0x00, 0x37, 0x00, 0xFF, 0xFF, 0x01, 0x00,
    0x35, 0x00, 0x00, 0x00, 0x37, 0x00, 0x00, 0x00, 0x01, 0x00, 0x38, 0x00,
    0xFF, 0xFF, 0x01, 0x00, 0x36, 0x00, 0x00, 0x00, 0x38, 0x00, 0x00, 0x00,
    0x01, 0x00, 0x39, 0x00, 0xFF, 0xFF, 0x01, 0x00, 0x37, 0x00, 0x00, 0x00,
    0x39, 0x00, 0x00, 0x00, 0x01, 0x00, 0x3A, 0x00, 0xFF, 0xFF, 0x01, 0x00,
    0x38, 0x00, 0x00, 0x00, 0x3A, 0x00, 0x00, 0x00, 0x01, 0x00, 0x3B, 0x00,
    0xFF, 0xFF, 0x01, 0x00, 0x39, 0x00, 0x00, 0x00, 0x3B, 0x00, 0x00, 0x00,
    0x01, 0x00, 0x3C, 0x00, 0xFF, 0xFF, 0x01, 0x00, 0x3A, 0x00, 0x00, 0x00,
    0x3C, 0x00, 0x00, 0x00, 0x01, 0x00, 0x3D, 0x00, 0xFF, 0xFF, 0x01, 0x00,
    0x3B, 0x00, 0x00, 0x00, 0x3D, 0x00, 0x00, 0x00, 0x01, 0x00, 0x3E, 0x00,
    0xFF, 0xFF, 0x01, 0x00, 0x3C, 0x00, 0x00, 0x00, 0x3E, 0x00, 0x00, 0x00,
    0x01, 0x00, 0x3F, 0x00, 0xFF, 0xFF, 0x01, 0x00, 0x3D, 0x00, 0x00, 0x00,
    0x3F, 0x00, 0x00, 0x00, 0x01, 0x00, 0x40, 0x00, 0xFF, 0xFF, 0x01, 0x00,
    0x3E, 0x00, 0x00, 0x00, 0x40, 0x00, 0x00, 0x00, 0x01, 0x00, 0x41, 0x00,
    0xFF, 0xFF, 0x01, 0x00, 0x3F, 0x00, 0x00, 0x00, 0x41, 0x00, 0x00, 0x00,
    0x01, 0x00, 0x42, 0x00, 0xFF, 0xFF, 0x01, 0x00, 0x40, 0x00, 0x00, 0x00,
    0x42, 0x00, 0x00, 0x00, 0x01, 0x00, 0x43, 0x00, 0xFF, 0xFF, 0x01, 0x00,
    0x23, 0x00, 0x00, 0x00, 0x43, 0x00, 0x00, 0x00, 0x01, 0x00, 0x44, 0x00,
    0xFF, 0xFF, 0x01, 0x00, 0x41, 0x00, 0x00, 0x00, 0x44, 0x00, 0x00, 0x00,
    0x01, 0x00, 0x45, 0x00, 0xFF, 0xFF, 0x01, 0x00, 0x42, 0x00, 0x00, 0x00,
    0x45, 0x00, 0x00, 0x00, 0x01, 0x00, 0x46, 0x00, 0xFF, 0xFF, 0x01, 0x00,
    0x43, 0x00, 0x00, 0x00, 0x46, 0x00, 0x00, 0x00, 0x01, 0x00, 0x47, 0x00,
    0xFF, 0xFF, 0x01, 0x00, 0x44, 0x00, 0x00, 0x00, 0x47, 0x00, 0x00, 0x00,
    0x01, 0x00, 0x48, 0x00, 0xFF, 0xFF, 0x01, 0x00, 0x45, 0x00, 0x00, 0x00,
    0x48, 0x00, 0x00, 0x00, 0x01, 0x00, 0x49, 0x00, 0xFF, 0xFF, 0x01, 0x00,
    0x27, 0x00, 0x00, 0x00, 0x49, 0x00, 0x00, 0x00, 0x01, 0x00, 0x4A, 0x00,
    0xFF, 0xFF, 0x01, 0x00, 0x46, 0x00, 0x00, 0x00, 0x4A, 0x00, 0x00, 0x00,
    0x01, 0x00, 0x4B, 0x00, 0xFF, 0xFF, 0x01, 0x00, 0x47, 0x00, 0x00, 0x00,
    0x4B, 0x00, 0x00, 0x00, 0x01, 0x00, 0x4C, 0x00, 0xFF, 0xFF, 0x01, 0x00,
    0x48, 0x00, 0x00, 0x00, 0x4C, 0x00, 0x00, 0x00, 0x01, 0x00, 0x4D, 0x00,
    0x01, 0x00, 0x01, 0x00, 0x16, 0x00, 0x00, 0x00, 0x4D, 0x00, 0x00, 0x00,
    0x01, 0x00, 0x4D, 0x00, 0x08, 0x00, 0x01, 0x00, 0x4D, 0x00, 0x00, 0x00,
    0x4E, 0x00, 0x00, 0x00, 0x01, 0x00, 0x4D, 0x00, 0x09, 0x00, 0x01, 0x00,
    0x4E, 0x00, 0x00, 0x00, 0x4F, 0x00, 0x00, 0x00, 0x01, 0x00, 0x4D, 0x00,
    0x00, 0x01, 0x01, 0x00, 0x49, 0x00, 0x00, 0x00, 0x50, 0x00, 0x00, 0x00,
    0x01, 0x00, 0x4D, 0x00, 0x01, 0x01, 0x01, 0x00, 0x4A, 0x00, 0x00, 0x00,
    0x51, 0x00, 0x00, 0x00, 0x01, 0x00, 0x4D, 0x00, 0x02, 0x01, 0x01, 0x00,
    0x4B, 0x00, 0x00, 0x00, 0x52, 0x00, 0x00, 0x00, 0x01, 0x00, 0x4D, 0x00,
    0x03, 0x01, 0x01, 0x00, 0x4C, 0x00, 0x00, 0x00, 0x53, 0x00, 0x00, 0x00,
    0x01, 0x00, 0x4E, 0x00, 0x01, 0x00, 0x01, 0x00, 0x51, 0x00, 0x00, 0x00,
    0x54, 0x00, 0x00, 0x00, 0x01, 0x00, 0x4E, 0x00, 0x08, 0x00, 0x01, 0x00,
    0x4F, 0x00, 0x00, 0x00, 0x55, 0x00, 0x00, 0x00, 0x01, 0x00, 0x4E, 0x00,
    0x09, 0x00, 0x01, 0x00, 0x50, 0x00, 0x00, 0x00, 0x00, 0x00, 0x01, 0x00,
    0x01, 0x00, 0x00, 0x00, 0x45, 0x00, 0x00, 0x00, 0x00, 0x00, 0x00, 0x00,
    0x00, 0x00, 0x00, 0x00, 0x01, 0x00, 0x01, 0x00, 0x01, 0x00, 0x00, 0x00,
    0x44, 0x00, 0x00, 0x00, 0x00, 0x00, 0x00, 0x00, 0x00, 0x00, 0x00, 0x00,
    0x02, 0x00, 0x01, 0x00, 0x01, 0x00, 0x00, 0x00, 0x43, 0x00, 0x00, 0x00,
    0x00, 0x00, 0x00, 0x00, 0x00, 0x00, 0x00, 0x00, 0x03, 0x00, 0x01, 0x00,
    0x01, 0x00, 0x00, 0x00, 0x42, 0x00, 0x00, 0x00, 0x00, 0x00, 0x00, 0x00,
    0x00, 0x00, 0x00, 0x00, 0x04, 0x00, 0x01, 0x00, 0x01, 0x00, 0x00, 0x00,
    0x41, 0x00, 0x00, 0x00, 0x00, 0x00, 0x00, 0x00, 0x00, 0x00, 0x00, 0x00,
    0x05, 0x00, 0x01, 0x00, 0x01, 0x00, 0x00, 0x00, 0x40, 0x00, 0x00, 0x00,
    0x00, 0x00, 0x00, 0x00, 0x00, 0x00, 0x00, 0x00, 0x06, 0x00, 0x01, 0x00,
    0x01, 0x00, 0x00, 0x00, 0x3F, 0x00, 0x00, 0x00, 0x00, 0x00, 0x00, 0x00,
    0x00, 0x00, 0x00, 0x00, 0x07, 0x00, 0x01, 0x00, 0x01, 0x00, 0x00, 0x00,
    0x2A, 0x00, 0x00, 0x00, 0x00, 0x00, 0x00, 0x00, 0x00, 0x00, 0x00, 0x00,
    0x08, 0x00, 0x01, 0x00, 0x01, 0x00, 0x00, 0x00, 0x2E, 0x00, 0x00, 0x00,
    0x00, 0x00, 0x00, 0x00, 0x00, 0x00, 0x00, 0x00, 0x09, 0x00, 0x01, 0x00,
    0x01, 0x00, 0x00, 0x00, 0x2D, 0x00, 0x00, 0x00, 0x00, 0x00, 0x00, 0x00,
    0x00, 0x00, 0x00, 0x00, 0x0A, 0x00, 0x01, 0x00, 0x01, 0x00, 0x00, 0x00,
    0x27, 0x00, 0x00, 0x00, 0x00, 0x00, 0x00, 0x00, 0x00, 0x00, 0x00, 0x00,
    0x0B, 0x00, 0x01, 0x00, 0x01, 0x00, 0x00, 0x00, 0x26, 0x00, 0x00, 0x00,
    0x00, 0x00, 0x00, 0x00, 0x00, 0x00, 0x00, 0x00, 0x0C, 0x00, 0x01, 0x00,
    0x01, 0x00, 0x00, 0x00, 0x25, 0x00, 0x00, 0x00, 0x00, 0x00, 0x00, 0x00,
    0x00, 0x00, 0x00, 0x00, 0x0D, 0x00, 0x01, 0x00, 0x01, 0x00, 0x00, 0x00,
    0x24, 0x00, 0x00, 0x00, 0x00, 0x00, 0x00, 0x00, 0x00, 0x00, 0x00, 0x00,
    0x0E, 0x00, 0x01, 0x00, 0x01, 0x00, 0x00, 0x00, 0x31, 0x00, 0x00, 0x00,
    0x00, 0x00, 0x00, 0x00, 0x00, 0x00, 0x00, 0x00, 0x0F, 0x00, 0x01, 0x00,
    0x01, 0x00, 0x00, 0x00, 0x30, 0x00, 0x00, 0x00, 0x00, 0x00, 0x00, 0x00,
    0x00, 0x00, 0x00, 0x00, 0x10, 0x00, 0x01, 0x00, 0x01, 0x00, 0x00, 0x00,
    0x2F, 0x00, 0x00, 0x00, 0x00, 0x00, 0x00, 0x00, 0x00, 0x00, 0x00, 0x00,
    0x11, 0x00, 0x01, 0x00, 0x01, 0x00, 0x00, 0x00, 0x13, 0x00, 0x00, 0x00,
    0x00, 0x00, 0x00, 0x00, 0x00, 0x00, 0x00, 0x00, 0x12, 0x00, 0x01, 0x00,
    0x01, 0x00, 0x00, 0x00, 0x12, 0x00, 0x00, 0x00, 0x00, 0x00, 0x00, 0x00,
    0x00, 0x00, 0x00, 0x00, 0x13, 0x00, 0x01, 0x00, 0x01, 0x00, 0x00, 0x00,
    0x0C, 0x00, 0x00, 0x00, 0x00, 0x00, 0x00, 0x00, 0x00, 0x00, 0x00, 0x00,
    0x14, 0x00, 0x01, 0x00, 0x01, 0x00, 0x00, 0x00, 0x18, 0x00, 0x00, 0x00,
    0x00, 0x00, 0x00, 0x00, 0x00, 0x00, 0x00, 0x00, 0x15, 0x00, 0x01, 0x00,
    0x01, 0x00, 0x00, 0x00, 0x1C, 0x00, 0x00, 0x00, 0x00, 0x00, 0x00, 0x00,
    0x00, 0x00, 0x00, 0x00, 0x16, 0x00, 0x01, 0x00, 0x01, 0x00, 0x00, 0x00,
    0x28, 0x00, 0x00, 0x00, 0x00, 0x00, 0x00, 0x00, 0x00, 0x00, 0x00, 0x00,
    0x17, 0x00, 0x01, 0x00, 0x01, 0x00, 0x00, 0x00, 0x34, 0x00, 0x00, 0x00,
    0x00, 0x00, 0x00, 0x00, 0x00, 0x00, 0x00, 0x00, 0x18, 0x00, 0x01, 0x00,
    0x01, 0x00, 0x00, 0x00, 0x33, 0x00, 0x00, 0x00, 0x00, 0x00, 0x00, 0x00,
    0x00, 0x00, 0x00, 0x00, 0x19, 0x00, 0x01, 0x00, 0x01, 0x00, 0x00, 0x00,
    0x0F, 0x00, 0x00, 0x00, 0x00, 0x00, 0x00, 0x00, 0x00, 0x00, 0x00, 0x00,
    0x1A, 0x00, 0x01, 0x00, 0x01, 0x00, 0x00, 0x00, 0x0E, 0x00, 0x00, 0x00,
    0x00, 0x00, 0x00, 0x00, 0x00, 0x00, 0x00, 0x00, 0x1B, 0x00, 0x01, 0x00,
    0x01, 0x00, 0x00, 0x00, 0x0D, 0x00, 0x00, 0x00, 0x00, 0x00, 0x00, 0x00,
    0x00, 0x00, 0x00, 0x00, 0x1C, 0x00, 0x01, 0x00, 0x01, 0x00, 0x00, 0x00,
    0x0B, 0x00, 0x00, 0x00, 0x00, 0x00, 0x00, 0x00, 0x00, 0x00, 0x00, 0x00,
    0x1D, 0x00, 0x01, 0x00, 0x01, 0x00, 0x00, 0x00, 0x00, 0x20, 0x00, 0x00,
    0x00, 0x00, 0x00, 0x00, 0x00, 0x00, 0x00, 0x00, 0x1E, 0x00, 0x01, 0x00,
    0x01, 0x00, 0x00, 0x00, 0x38, 0x00, 0x00, 0x00, 0x00, 0x00, 0x00, 0x00,
    0x00, 0x00, 0x00, 0x00, 0x1F, 0x00, 0x01, 0x00, 0x01, 0x00, 0x00, 0x00,
    0x37, 0x00, 0x00, 0x00, 0x00, 0x00, 0x00, 0x00, 0x00, 0x00, 0x00, 0x00,
    0x20, 0x00, 0x01, 0x00, 0x01, 0x00, 0x00, 0x00, 0x36, 0x00, 0x00, 0x00,
    0x00, 0x00, 0x00, 0x00, 0x00, 0x00, 0x00, 0x00, 0x21, 0x00, 0x01, 0x00,
    0x01, 0x00, 0x00, 0x00, 0x10, 0x00, 0x00, 0x00, 0x00, 0x00, 0x00, 0x00,
    0x00, 0x00, 0x00, 0x00, 0x22, 0x00, 0x01, 0x00, 0x01, 0x00, 0x00, 0x00,
    0x11, 0x00, 0x00, 0x00, 0x00, 0x00, 0x00, 0x00, 0x00, 0x00, 0x00, 0x00,
    0x23, 0x00, 0x01, 0x00, 0x01, 0x00, 0x00, 0x00, 0x05, 0x00, 0x00, 0x00,
    0x00, 0x00, 0x00, 0x00, 0x00, 0x00, 0x00, 0x00, 0x24, 0x00, 0x01, 0x00,
    0x01, 0x00, 0x00, 0x00, 0x00, 0x10, 0x00, 0x00, 0x00, 0x00, 0x00, 0x00,
    0x00, 0x00, 0x00, 0x00, 0x25, 0x00, 0x01, 0x00, 0x01, 0x00, 0x00, 0x00,
    0x00, 0x80, 0x00, 0x00, 0x00, 0x00, 0x00, 0x00, 0x00, 0x00, 0x00, 0x00,
    0x26, 0x00, 0x01, 0x00, 0x01, 0x00, 0x00, 0x00, 0x00, 0x40, 0x00, 0x00,
    0x00, 0x00, 0x00, 0x00, 0x00, 0x00, 0x00, 0x00, 0x27, 0x00, 0x01, 0x00,
    0x01, 0x00, 0x00, 0x00, 0x2C, 0x00, 0x00, 0x00, 0x00, 0x00, 0x00, 0x00,
    0x00, 0x00, 0x00, 0x00, 0x28, 0x00, 0x01, 0x00, 0x01, 0x00, 0x00, 0x00,
    0x3E, 0x00, 0x00, 0x00, 0x00, 0x00, 0x00, 0x00, 0x00, 0x00, 0x00, 0x00,
    0x29, 0x00, 0x01, 0x00, 0x01, 0x00, 0x00, 0x00, 0x3D, 0x00, 0x00, 0x00,
    0x00, 0x00, 0x00, 0x00, 0x00, 0x00, 0x00, 0x00, 0x2A, 0x00, 0x01, 0x00,
    0x01, 0x00, 0x00, 0x00, 0x3C, 0x00, 0x00, 0x00, 0x00, 0x00, 0x00, 0x00,
    0x00, 0x00, 0x00, 0x00, 0x2B, 0x00, 0x01, 0x00, 0x01, 0x00, 0x00, 0x00,
    0x3B, 0x00, 0x00, 0x00, 0x00, 0x00, 0x00, 0x00, 0x00, 0x00, 0x00, 0x00,
    0x2C, 0x00, 0x01, 0x00, 0x01, 0x00, 0x00, 0x00, 0x3A, 0x00, 0x00, 0x00,
    0x00, 0x00, 0x00, 0x00, 0x00, 0x00, 0x00, 0x00, 0x2D, 0x00, 0x01, 0x00,
    0x01, 0x00, 0x00, 0x00, 0x29, 0x00, 0x00, 0x00, 0x00, 0x00, 0x00, 0x00,
    0x00, 0x00, 0x00, 0x00, 0x2E, 0x00, 0x01, 0x00, 0x01, 0x00, 0x00, 0x00,
    0x23, 0x00, 0x00, 0x00, 0x00, 0x00, 0x00, 0x00, 0x00, 0x00, 0x00, 0x00,
    0x2F, 0x00, 0x01, 0x00, 0x01, 0x00, 0x00, 0x00, 0x22, 0x00, 0x00, 0x00,
    0x00, 0x00, 0x00, 0x00, 0x00, 0x00, 0x00, 0x00, 0x30, 0x00, 0x01, 0x00,
    0x01, 0x00, 0x00, 0x00, 0x21, 0x00, 0x00, 0x00, 0x00, 0x00, 0x00, 0x00,
    0x00, 0x00, 0x00, 0x00, 0x31, 0x00, 0x01, 0x00, 0x01, 0x00, 0x00, 0x00,
    0x20, 0x00, 0x00, 0x00, 0x00, 0x00, 0x00, 0x00, 0x00, 0x00, 0x00, 0x00,
    0x32, 0x00, 0x01, 0x00, 0x01, 0x00, 0x00, 0x00, 0x1F, 0x00, 0x00, 0x00,
    0x00, 0x00, 0x00, 0x00, 0x00, 0x00, 0x00, 0x00, 0x33, 0x00, 0x01, 0x00,
    0x01, 0x00, 0x00, 0x00, 0x1E, 0x00, 0x00, 0x00, 0x00, 0x00, 0x00, 0x00,
    0x00, 0x00, 0x00, 0x00, 0x34, 0x00, 0x01, 0x00, 0x01, 0x00, 0x00, 0x00,
    0x35, 0x00, 0x00, 0x00, 0x00, 0x00, 0x00, 0x00, 0x00, 0x00, 0x00, 0x00,
    0x35, 0x00, 0x01, 0x00, 0x01, 0x00, 0x00, 0x00, 0x17, 0x00, 0x00, 0x00,
    0x00, 0x00, 0x00, 0x00, 0x00, 0x00, 0x00, 0x00, 0x36, 0x00, 0x01, 0x00,
    0x01, 0x00, 0x00, 0x00, 0x15, 0x00, 0x00, 0x00, 0x00, 0x00, 0x00, 0x00,
    0x00, 0x00, 0x00, 0x00, 0x37, 0x00, 0x01, 0x00, 0x01, 0x00, 0x00, 0x00,
    0x08, 0x00, 0x00, 0x00, 0x00, 0x00, 0x00, 0x00, 0x00, 0x00, 0x00, 0x00,
    0x38, 0x00, 0x01, 0x00, 0x01, 0x00, 0x00, 0x00, 0x1A, 0x00, 0x00, 0x00,
    0x00, 0x00, 0x00, 0x00, 0x00, 0x00, 0x00, 0x00, 0x39, 0x00, 0x01, 0x00,
    0x01, 0x00, 0x00, 0x00, 0x14, 0x00, 0x00, 0x00, 0x00, 0x00, 0x00, 0x00,
    0x00, 0x00, 0x00, 0x00, 0x3A, 0x00, 0x01, 0x00, 0x01, 0x00, 0x00, 0x00,
    0x2B, 0x00, 0x00, 0x00, 0x00, 0x00, 0x00, 0x00, 0x00, 0x00, 0x00, 0x00,
    0x3B, 0x00, 0x01, 0x00, 0x01, 0x00, 0x00, 0x00, 0x0A, 0x00, 0x00, 0x00,
    0x00, 0x00, 0x00, 0x00, 0x00, 0x00, 0x00, 0x00, 0x3C, 0x00, 0x01, 0x00,
    0x01, 0x00, 0x00, 0x00, 0x09, 0x00, 0x00, 0x00, 0x00, 0x00, 0x00, 0x00,
    0x00, 0x00, 0x00, 0x00, 0x3D, 0x00, 0x01, 0x00, 0x01, 0x00, 0x00, 0x00,
    0x07, 0x00, 0x00, 0x00, 0x00, 0x00, 0x00, 0x00, 0x00, 0x00, 0x00, 0x00,
    0x3E, 0x00, 0x01, 0x00, 0x01, 0x00, 0x00, 0x00, 0x16, 0x00, 0x00, 0x00,
    0x00, 0x00, 0x00, 0x00, 0x00, 0x00, 0x00, 0x00, 0x3F, 0x00, 0x01, 0x00,
    0x01, 0x00, 0x00, 0x00, 0x04, 0x00, 0x00, 0x00, 0x00, 0x00, 0x00, 0x00,
    0x00, 0x00, 0x00, 0x00, 0x40, 0x00, 0x01, 0x00, 0x01, 0x00, 0x00, 0x00,
    0x39, 0x00, 0x00, 0x00, 0x00, 0x00, 0x00, 0x00, 0x00, 0x00, 0x00, 0x00,
    0x41, 0x00, 0x01, 0x00, 0x01, 0x00, 0x00, 0x00, 0x19, 0x00, 0x00, 0x00,
    0x00, 0x00, 0x00, 0x00, 0x00, 0x00, 0x00, 0x00, 0x42, 0x00, 0x01, 0x00,
    0x01, 0x00, 0x00, 0x00, 0x06, 0x00, 0x00, 0x00, 0x00, 0x00, 0x00, 0x00,
    0x00, 0x00, 0x00, 0x00, 0x43, 0x00, 0x01, 0x00, 0x01, 0x00, 0x00, 0x00,
    0x1B, 0x00, 0x00, 0x00, 0x00, 0x00, 0x00, 0x00, 0x00, 0x00, 0x00, 0x00,
    0x44, 0x00, 0x01, 0x00, 0x01, 0x00, 0x00, 0x00, 0x1D, 0x00, 0x00, 0x00,
    0x00, 0x00, 0x00, 0x00, 0x00, 0x00, 0x00, 0x00, 0x45, 0x00, 0x01, 0x00,
    0x01, 0x00, 0x00, 0x00, 0x00, 0x02, 0x00, 0x00, 0x00, 0x00, 0x00, 0x00,
    0x00, 0x00, 0x00, 0x00, 0x46, 0x00, 0x01, 0x00, 0x01, 0x00, 0x00, 0x00,
    0x00, 0x04, 0x00, 0x00, 0x00, 0x00, 0x00, 0x00, 0x00, 0x00, 0x00, 0x00,
    0x47, 0x00, 0x01, 0x00, 0x01, 0x00, 0x00, 0x00, 0x00, 0x08, 0x00, 0x00,
    0x00, 0x00, 0x00, 0x00, 0x00, 0x00, 0x00, 0x00, 0x48, 0x00, 0x01, 0x00,
    0x01, 0x00, 0x00, 0x00, 0x00, 0x01, 0x00, 0x00, 0x00, 0x00, 0x00, 0x00,
    0x00, 0x00, 0x00, 0x00, 0x49, 0x00, 0x01, 0x00, 0x01, 0x00, 0x00, 0x00,
    0x52, 0x00, 0x00, 0x00, 0x00, 0x00, 0x00, 0x00, 0x00, 0x00, 0x00, 0x00,
    0x4A, 0x00, 0x01, 0x00, 0x01, 0x00, 0x00, 0x00, 0x51, 0x00, 0x00, 0x00,
    0x00, 0x00, 0x00, 0x00, 0x00, 0x00, 0x00, 0x00, 0x4B, 0x00, 0x01, 0x00,
    0x01, 0x00, 0x00, 0x00, 0x50, 0x00, 0x00, 0x00, 0x00, 0x00, 0x00, 0x00,
    0x00, 0x00, 0x00, 0x00, 0x4C, 0x00, 0x01, 0x00, 0x01, 0x00, 0x00, 0x00,
    0x4F, 0x00, 0x00, 0x00, 0x00, 0x00, 0x00, 0x00, 0x00, 0x00, 0x00, 0x00,
    0x4D, 0x00, 0x01, 0x00, 0x04, 0x00, 0x00, 0x00, 0x00, 0x01, 0x00, 0x00,
    0x00, 0x00, 0x00, 0x00, 0x00, 0x00, 0x00, 0x00, 0x4E, 0x00, 0x01, 0x00,
    0x04, 0x00, 0x00, 0x00, 0x00, 0xFF, 0x00, 0x00, 0x00, 0x00, 0x00, 0x00,
    0x00, 0x00, 0x00, 0x00, 0x4F, 0x00, 0x01, 0x00, 0x02, 0x00, 0x00, 0x00,
    0xE9, 0x00, 0x00, 0x00, 0x00, 0x00, 0x00, 0x00, 0x00, 0x00, 0x00, 0x00,
    0x50, 0x00, 0x01, 0x00, 0x02, 0x00, 0x00, 0x00, 0xEA, 0x00, 0x00, 0x00,
    0x00, 0x00, 0x00, 0x00, 0x00, 0x00, 0x00, 0x00, 0x51, 0x00, 0x01, 0x00,
    0x02, 0x00, 0x00, 0x00, 0xE2, 0x00, 0x00, 0x00, 0x00, 0x00, 0x00, 0x00,
    0x00, 0x00, 0x00, 0x00, 0x00, 0x00, 0x02, 0x00, 0x00, 0x00, 0x00, 0x00,
    0x03, 0x00, 0x00, 0x00, 0x01, 0x04, 0x03, 0x01, 0x00, 0x00, 0x00, 0x00,
    0xE8, 0x03, 0x00, 0x00, 0x90, 0x01, 0x00, 0x00, 0x01, 0x00, 0x02, 0x00,
    0x00, 0x00, 0x00, 0x00, 0x15, 0x00, 0x01, 0x00, 0x01, 0x04, 0x03, 0x01,
    0x00, 0x00, 0x00, 0x00, 0xE8, 0x03, 0x00, 0x00, 0x5E, 0x01, 0x00, 0x00,
    0x02, 0x00, 0x02, 0x00, 0x00, 0x00, 0x00, 0x00, 0x16, 0x00, 0x02, 0x00,
    0x01, 0x04, 0x03, 0x01, 0x00, 0x00, 0x00, 0x00, 0xE8, 0x03, 0x00, 0x00,
    0x5E, 0x01, 0x00, 0x00, 0x03, 0x00, 0x02, 0x00, 0x00, 0x00, 0x00, 0x00,
    0x04, 0x00, 0x03, 0x00, 0x01, 0x04, 0x03, 0x01, 0x00, 0x00, 0x00, 0x00,
    0xE8, 0x03, 0x00, 0x00, 0x64, 0x00, 0x00, 0x00, 0x04, 0x00, 0x02, 0x00,
    0x00, 0x00, 0x00, 0x00, 0x14, 0x00, 0x04, 0x00, 0x01, 0x04, 0x03, 0x01,
    0x00, 0x00, 0x00, 0x00, 0xE8, 0x03, 0x00, 0x00, 0x64, 0x00, 0x00, 0x00,
    0x05, 0x00, 0x02, 0x00, 0x00, 0x00, 0x00, 0x00, 0x17, 0x00, 0x05, 0x00,
    0x01, 0x04, 0x03, 0x01, 0x00, 0x00, 0x00, 0x00, 0xE8, 0x03, 0x00, 0x00,
    0x14, 0x00, 0x00, 0x00, 0x06, 0x00, 0x02, 0x00, 0x01, 0x00, 0x01, 0x00,
    0x03, 0x00, 0x00, 0x00, 0x01, 0x04, 0x03, 0x01, 0x00, 0x00, 0x00, 0x00,
    0xE8, 0x03, 0x00, 0x00, 0x90, 0x01, 0x00, 0x00, 0x07, 0x00, 0x02, 0x00,
    0x01, 0x00, 0x01, 0x00, 0x15, 0x00, 0x01, 0x00, 0x01, 0x04, 0x03, 0x01,
    0x00, 0x00, 0x00, 0x00, 0xE8, 0x03, 0x00, 0x00, 0x5E, 0x01, 0x00, 0x00,
    0x08, 0x00, 0x02, 0x00, 0x01, 0x00, 0x01, 0x00, 0x16, 0x00, 0x02, 0x00,
    0x01, 0x04, 0x03, 0x01, 0x00, 0x00, 0x00, 0x00, 0xE8, 0x03, 0x00, 0x00,
    0x5E, 0x01, 0x00, 0x00, 0x09, 0x00, 0x02, 0x00, 0x01, 0x00, 0x01, 0x00,
    0x04, 0x00, 0x03, 0x00, 0x01, 0x04, 0x03, 0x01, 0x00, 0x00, 0x00, 0x00,
    0xE8, 0x03, 0x00, 0x00, 0x64, 0x00, 0x00, 0x00, 0x0A, 0x00, 0x02, 0x00,
    0x01, 0x00, 0x01, 0x00, 0x14, 0x00, 0x04, 0x00, 0x01, 0x04, 0x03, 0x01,
    0x00, 0x00, 0x00, 0x00, 0xE8, 0x03, 0x00, 0x00, 0x64, 0x00, 0x00, 0x00,
    0x0B, 0x00, 0x02, 0x00, 0x01, 0x00, 0x01, 0x00, 0x17, 0x00, 0x05, 0x00,
    0x01, 0x04, 0x03, 0x01, 0x00, 0x00, 0x00, 0x00, 0xE8, 0x03, 0x00, 0x00,
    0x14, 0x00, 0x00, 0x00, 0x0C, 0x00, 0x02, 0x00, 0x02, 0x00, 0x02, 0x00,
    0x03, 0x00, 0x00, 0x00, 0x01, 0x04, 0x03, 0x01, 0x00, 0x00, 0x00, 0x00,
    0xE8, 0x03, 0x00, 0x00, 0x90, 0x01, 0x00, 0x00, 0x0D, 0x00, 0x02, 0x00,
    0x02, 0x00, 0x02, 0x00, 0x15, 0x00, 0x01, 0x00, 0x01, 0x04, 0x03, 0x01,
    0x00, 0x00, 0x00, 0x00, 0xE8, 0x03, 0x00, 0x00, 0x5E, 0x01, 0x00, 0x00,
    0x0E, 0x00, 0x02, 0x00, 0x02, 0x00, 0x02, 0x00, 0x16, 0x00, 0x02, 0x00,
    0x01, 0x04, 0x03, 0x01, 0x00, 0x00, 0x00, 0x00, 0xE8, 0x03, 0x00, 0x00,
    0x5E, 0x01, 0x00, 0x00, 0x0F, 0x00, 0x02, 0x00, 0x02, 0x00, 0x02, 0x00,
    0x04, 0x00, 0x03, 0x00, 0x01, 0x04, 0x03, 0x01, 0x00, 0x00, 0x00, 0x00,
    0xE8, 0x03, 0x00, 0x00, 0x64, 0x00, 0x00, 0x00, 0x10, 0x00, 0x02, 0x00,
    0x02, 0x00, 0x02, 0x00, 0x14, 0x00, 0x04, 0x00, 0x01, 0x04, 0x03, 0x01,
    0x00, 0x00, 0x00, 0x00, 0xE8, 0x03, 0x00, 0x00, 0x64, 0x00, 0x00, 0x00,
    0x11, 0x00, 0x02, 0x00, 0x02, 0x00, 0x02, 0x00, 0x17, 0x00, 0x05, 0x00,
    0x01, 0x04, 0x03, 0x01, 0x00, 0x00, 0x00, 0x00, 0xE8, 0x03, 0x00, 0x00,
    0x14, 0x00, 0x00, 0x00, 0x12, 0x00, 0x02, 0x00, 0x03, 0x00, 0x03, 0x00,
    0x03, 0x00, 0x00, 0x00, 0x01, 0x04, 0x03, 0x01, 0x00, 0x00, 0x00, 0x00,
    0xE8, 0x03, 0x00, 0x00, 0x90, 0x01, 0x00, 0x00, 0x13, 0x00, 0x02, 0x00,
    0x03, 0x00, 0x03, 0x00, 0x15, 0x00, 0x01, 0x00, 0x01, 0x04, 0x03, 0x01,
    0x00, 0x00, 0x00, 0x00, 0xE8, 0x03, 0x00, 0x00, 0x5E, 0x01, 0x00, 0x00,
    0x14, 0x00, 0x02, 0x00, 0x03, 0x00, 0x03, 0x00, 0x16, 0x00, 0x02, 0x00,
    0x01, 0x04, 0x03, 0x01, 0x00, 0x00, 0x00, 0x00, 0xE8, 0x03, 0x00, 0x00,
    0x5E, 0x01, 0x00, 0x00, 0x15, 0x00, 0x02, 0x00, 0x03, 0x00, 0x03, 0x00,
    0x04, 0x00, 0x03, 0x00, 0x01, 0x04, 0x03, 0x01, 0x00, 0x00, 0x00, 0x00,
    0xE8, 0x03, 0x00, 0x00, 0x64, 0x00, 0x00, 0x00, 0x16, 0x00, 0x02, 0x00,
    0x03, 0x00, 0x03, 0x00, 0x14, 0x00, 0x04, 0x00, 0x01, 0x04, 0x03, 0x01,
    0x00, 0x00, 0x00, 0x00, 0xE8, 0x03, 0x00, 0x00, 0x64, 0x00, 0x00, 0x00,
    0x17, 0x00, 0x02, 0x00, 0x03, 0x00, 0x03, 0x00, 0x17, 0x00, 0x05, 0x00,
    0x01, 0x04, 0x03, 0x01, 0x00, 0x00, 0x00, 0x00, 0xE8, 0x03, 0x00, 0x00,
    0x14, 0x00, 0x00, 0x00, 0x18, 0x00, 0x02, 0x00, 0x04, 0x00, 0x04, 0x00,
    0x03, 0x00, 0x00, 0x00, 0x01, 0x04, 0x03, 0x01, 0x00, 0x00, 0x00, 0x00,
    0xE8, 0x03, 0x00, 0x00, 0x90, 0x01, 0x00, 0x00, 0x19, 0x00, 0x02, 0x00,
    0x04, 0x00, 0x04, 0x00, 0x15, 0x00, 0x01, 0x00, 0x01, 0x04, 0x03, 0x01,
    0x00, 0x00, 0x00, 0x00, 0xE8, 0x03, 0x00, 0x00, 0x5E, 0x01, 0x00, 0x00,
    0x1A, 0x00, 0x02, 0x00, 0x04, 0x00, 0x04, 0x00, 0x16, 0x00, 0x02, 0x00,
    0x01, 0x04, 0x03, 0x01, 0x00, 0x00, 0x00, 0x00, 0xE8, 0x03, 0x00, 0x00,
    0x5E, 0x01, 0x00, 0x00, 0x1B, 0x00, 0x02, 0x00, 0x04, 0x00, 0x04, 0x00,
    0x04, 0x00, 0x03, 0x00, 0x01, 0x04, 0x03, 0x01, 0x00, 0x00, 0x00, 0x00,
    0xE8, 0x03, 0x00, 0x00, 0x64, 0x00, 0x00, 0x00, 0x1C, 0x00, 0x02, 0x00,
    0x04, 0x00, 0x04, 0x00, 0x14, 0x00, 0x04, 0x00, 0x01, 0x04, 0x03, 0x01,
    0x00, 0x00, 0x00, 0x00, 0xE8, 0x03, 0x00, 0x00, 0x64, 0x00, 0x00, 0x00,
    0x1D, 0x00, 0x02, 0x00, 0x04, 0x00, 0x04, 0x00, 0x17, 0x00, 0x05, 0x00,
    0x01, 0x04, 0x03, 0x01, 0x00, 0x00, 0x00, 0x00, 0xE8, 0x03, 0x00, 0x00,
    0x14, 0x00, 0x00, 0x00, 0x1E, 0x00, 0x02, 0x00, 0x05, 0x00, 0x05, 0x00,
    0x03, 0x00, 0x00, 0x00, 0x01, 0x04, 0x03, 0x01, 0x00, 0x00, 0x00, 0x00,
    0xE8, 0x03, 0x00, 0x00, 0x90, 0x01, 0x00, 0x00, 0x1F, 0x00, 0x02, 0x00,
    0x05, 0x00, 0x05, 0x00, 0x15, 0x00, 0x01, 0x00, 0x01, 0x04, 0x03, 0x01,
    0x00, 0x00, 0x00, 0x00, 0xE8, 0x03, 0x00, 0x00, 0x5E, 0x01, 0x00, 0x00,
    0x20, 0x00, 0x02, 0x00, 0x05, 0x00, 0x05, 0x00, 0x16, 0x00, 0x02, 0x00,
    0x01, 0x04, 0x03, 0x01, 0x00, 0x00, 0x00, 0x00, 0xE8, 0x03, 0x00, 0x00,
    0x5E, 0x01, 0x00, 0x00, 0x21, 0x00, 0x02, 0x00, 0x05, 0x00, 0x05, 0x00,
    0x04, 0x00, 0x03, 0x00, 0x01, 0x04, 0x03, 0x01, 0x00, 0x00, 0x00, 0x00,
    0xE8, 0x03, 0x00, 0x00, 0x64, 0x00, 0x00, 0x00, 0x22, 0x00, 0x02, 0x00,
    0x05, 0x00, 0x05, 0x00, 0x14, 0x00, 0x04, 0x00, 0x01, 0x04, 0x03, 0x01,
    0x00, 0x00, 0x00, 0x00, 0xE8, 0x03, 0x00, 0x00, 0x64, 0x00, 0x00, 0x00,
    0x23, 0x00, 0x02, 0x00, 0x05, 0x00, 0x05, 0x00, 0x17, 0x00, 0x05, 0x00,
    0x01, 0x04, 0x03, 0x01, 0x00, 0x00, 0x00, 0x00, 0xE8, 0x03, 0x00, 0x00,
    0x14, 0x00, 0x00, 0x00, 0x24, 0x00, 0x02, 0x00, 0x06, 0x00, 0x06, 0x00,
    0x03, 0x00, 0x00, 0x00, 0x01, 0x04, 0x03, 0x01, 0x00, 0x00, 0x00, 0x00,
    0xE8, 0x03, 0x00, 0x00, 0x90, 0x01, 0x00, 0x00, 0x25, 0x00, 0x02, 0x00,
    0x06, 0x00, 0x06, 0x00, 0x15, 0x00, 0x01, 0x00, 0x01, 0x04, 0x03, 0x01,
    0x00, 0x00, 0x00, 0x00, 0xE8, 0x03, 0x00, 0x00, 0x5E, 0x01, 0x00, 0x00,
    0x26, 0x00, 0x02, 0x00, 0x06, 0x00, 0x06, 0x00, 0x16, 0x00, 0x02, 0x00,
    0x01, 0x04, 0x03, 0x01, 0x00, 0x00, 0x00, 0x00, 0xE8, 0x03, 0x00, 0x00,
    0x5E, 0x01, 0x00, 0x00, 0x27, 0x00, 0x02, 0x00, 0x06, 0x00, 0x06, 0x00,
    0x04, 0x00, 0x03, 0x00, 0x01, 0x04, 0x03, 0x01, 0x00, 0x00, 0x00, 0x00,
    0xE8, 0x03, 0x00, 0x00, 0x64, 0x00, 0x00, 0x00, 0x28, 0x00, 0x02, 0x00,
    0x06, 0x00, 0x06, 0x00, 0x14, 0x00, 0x04, 0x00, 0x01, 0x04, 0x03, 0x01,
    0x00, 0x00, 0x00, 0x00, 0xE8, 0x03, 0x00, 0x00, 0x64, 0x00, 0x00, 0x00,
    0x29, 0x00, 0x02, 0x00, 0x06, 0x00, 0x06, 0x00, 0x17, 0x00, 0x05, 0x00,
    0x01, 0x04, 0x03, 0x01, 0x00, 0x00, 0x00, 0x00, 0xE8, 0x03, 0x00, 0x00,
    0x14, 0x00, 0x00, 0x00, 0x2A, 0x00, 0x02, 0x00, 0x07, 0x00, 0x07, 0x00,
    0x03, 0x00, 0x00, 0x00, 0x01, 0x04, 0x03, 0x01, 0x00, 0x00, 0x00, 0x00,
    0xE8, 0x03, 0x00, 0x00, 0x90, 0x01, 0x00, 0x00, 0x2B, 0x00, 0x02, 0x00,
    0x07, 0x00, 0x07, 0x00, 0x15, 0x00, 0x01, 0x00, 0x01, 0x04, 0x03, 0x01,
    0x00, 0x00, 0x00, 0x00, 0xE8, 0x03, 0x00, 0x00, 0x5E, 0x01, 0x00, 0x00,
    0x2C, 0x00, 0x02, 0x00, 0x07, 0x00, 0x07, 0x00, 0x16, 0x00, 0x02, 0x00,
    0x01, 0x04, 0x03, 0x01, 0x00, 0x00, 0x00, 0x00, 0xE8, 0x03, 0x00, 0x00,
    0x5E, 0x01, 0x00, 0x00, 0x2D, 0x00, 0x02, 0x00, 0x07, 0x00, 0x07, 0x00,
    0x04, 0x00, 0x03, 0x00, 0x01, 0x04, 0x03, 0x01, 0x00, 0x00, 0x00, 0x00,
    0xE8, 0x03, 0x00, 0x00, 0x64, 0x00, 0x00, 0x00, 0x2E, 0x00, 0x02, 0x00,
    0x07, 0x00, 0x07, 0x00, 0x14, 0x00, 0x04, 0x00, 0x01, 0x04, 0x03, 0x01,
    0x00, 0x00, 0x00, 0x00, 0xE8, 0x03, 0x00, 0x00, 0x64, 0x00, 0x00, 0x00,
    0x2F, 0x00, 0x02, 0x00, 0x07, 0x00, 0x07, 0x00, 0x17, 0x00, 0x05, 0x00,
    0x01, 0x04, 0x03, 0x01, 0x00, 0x00, 0x00, 0x00, 0xE8, 0x03, 0x00, 0x00,
    0x14, 0x00, 0x00, 0x00, 0x30, 0x00, 0x02, 0x00, 0x08, 0x00, 0x08, 0x00,
    0x03, 0x00, 0x00, 0x00, 0x01, 0x04, 0x03, 0x01, 0x00, 0x00, 0x00, 0x00,
    0xE8, 0x03, 0x00, 0x00, 0x90, 0x01, 0x00, 0x00, 0x31, 0x00, 0x02, 0x00,
    0x08, 0x00, 0x08, 0x00, 0x15, 0x00, 0x01, 0x00, 0x01, 0x04, 0x03, 0x01,
    0x00, 0x00, 0x00, 0x00, 0xE8, 0x03, 0x00, 0x00, 0x5E, 0x01, 0x00, 0x00,
    0x32, 0x00, 0x02, 0x00, 0x08, 0x00, 0x08, 0x00, 0x16, 0x00, 0x02, 0x00,
    0x01, 0x04, 0x03, 0x01, 0x00, 0x00, 0x00, 0x00, 0xE8, 0x03, 0x00, 0x00,
    0x5E, 0x01, 0x00, 0x00, 0x33, 0x00, 0x02, 0x00, 0x08, 0x00, 0x08, 0x00,
    0x04, 0x00, 0x03, 0x00, 0x01, 0x04, 0x03, 0x01, 0x00, 0x00, 0x00, 0x00,
    0xE8, 0x03, 0x00, 0x00, 0x64, 0x00, 0x00, 0x00, 0x34, 0x00, 0x02, 0x00,
    0x08, 0x00, 0x08, 0x00, 0x14, 0x00, 0x04, 0x00, 0x01, 0x04, 0x03, 0x01,
    0x00, 0x00, 0x00, 0x00, 0xE8, 0x03, 0x00, 0x00, 0x64, 0x00, 0x00, 0x00,
    0x35, 0x00, 0x02, 0x00, 0x08, 0x00, 0x08, 0x00, 0x17, 0x00, 0x05, 0x00,
    0x01, 0x04, 0x03, 0x01, 0x00, 0x00, 0x00, 0x00, 0xE8, 0x03, 0x00, 0x00,
    0x14, 0x00, 0x00, 0x00, 0x36, 0x00, 0x02, 0x00, 0x09, 0x00, 0x09, 0x00,
    0x03, 0x00, 0x00, 0x00, 0x01, 0x04, 0x03, 0x01, 0x00, 0x00, 0x00, 0x00,
    0xE8, 0x03, 0x00, 0x00, 0x90, 0x01, 0x00, 0x00, 0x37, 0x00, 0x02, 0x00,
    0x09, 0x00, 0x09, 0x00, 0x15, 0x00, 0x01, 0x00, 0x01, 0x04, 0x03, 0x01,
    0x00, 0x00, 0x00, 0x00, 0xE8, 0x03, 0x00, 0x00, 0x5E, 0x01, 0x00, 0x00,
    0x38, 0x00, 0x02, 0x00, 0x09, 0x00, 0x09, 0x00, 0x16, 0x00, 0x02, 0x00,
    0x01, 0x04, 0x03, 0x01, 0x00, 0x00, 0x00, 0x00, 0xE8, 0x03, 0x00, 0x00,
    0x5E, 0x01, 0x00, 0x00, 0x39, 0x00, 0x02, 0x00, 0x09, 0x00, 0x09, 0x00,
    0x04, 0x00, 0x03, 0x00, 0x01, 0x04, 0x03, 0x01, 0x00, 0x00, 0x00, 0x00,
    0xE8, 0x03, 0x00, 0x00, 0x64, 0x00, 0x00, 0x00, 0x3A, 0x00, 0x02, 0x00,
    0x09, 0x00, 0x09, 0x00, 0x14, 0x00, 0x04, 0x00, 0x01, 0x04, 0x03, 0x01,
    0x00, 0x00, 0x00, 0x00, 0xE8, 0x03, 0x00, 0x00, 0x64, 0x00, 0x00, 0x00,
    0x3B, 0x00, 0x02, 0x00, 0x09, 0x00, 0x09, 0x00, 0x17, 0x00, 0x05, 0x00,
    0x01, 0x04, 0x03, 0x01, 0x00, 0x00, 0x00, 0x00, 0xE8, 0x03, 0x00, 0x00,
    0x14, 0x00, 0x00, 0x00, 0x3C, 0x00, 0x02, 0x00, 0x0A, 0x00, 0x0A, 0x00,
    0x03, 0x00, 0x00, 0x00, 0x01, 0x04, 0x03, 0x01, 0x00, 0x00, 0x00, 0x00,
    0xE8, 0x03, 0x00, 0x00, 0x90, 0x01, 0x00, 0x00, 0x3D, 0x00, 0x02, 0x00,
    0x0A, 0x00, 0x0A, 0x00, 0x15, 0x00, 0x01, 0x00, 0x01, 0x04, 0x03, 0x01,
    0x00, 0x00, 0x00, 0x00, 0xE8, 0x03, 0x00, 0x00, 0x5E, 0x01, 0x00, 0x00,
    0x3E, 0x00, 0x02, 0x00, 0x0A, 0x00, 0x0A, 0x00, 0x16, 0x00, 0x02, 0x00,
    0x01, 0x04, 0x03, 0x01, 0x00, 0x00, 0x00, 0x00, 0xE8, 0x03, 0x00, 0x00,
    0x5E, 0x01, 0x00, 0x00, 0x3F, 0x00, 0x02, 0x00, 0x0A, 0x00, 0x0A, 0x00,
    0x04, 0x00, 0x03, 0x00, 0x01, 0x04, 0x03, 0x01, 0x00, 0x00, 0x00, 0x00,
    0xE8, 0x03, 0x00, 0x00, 0x64, 0x00, 0x00, 0x00, 0x40, 0x00, 0x02, 0x00,
    0x0A, 0x00, 0x0A, 0x00, 0x14, 0x00, 0x04, 0x00, 0x01, 0x04, 0x03, 0x01,
    0x00, 0x00, 0x00, 0x00, 0xE8, 0x03, 0x00, 0x00, 0x64, 0x00, 0x00, 0x00,
    0x41, 0x00, 0x02, 0x00, 0x0A, 0x00, 0x0A, 0x00, 0x17, 0x00, 0x05, 0x00,
    0x01, 0x04, 0x03, 0x01, 0x00, 0x00, 0x00, 0x00, 0xE8, 0x03, 0x00, 0x00,
    0x14, 0x00, 0x00, 0x00, 0x42, 0x00, 0x02, 0x00, 0x0B, 0x00, 0x0B, 0x00,
    0x03, 0x00, 0x00, 0x00, 0x01, 0x04, 0x03, 0x01, 0x00, 0x00, 0x00, 0x00,
    0xE8, 0x03, 0x00, 0x00, 0x90, 0x01, 0x00, 0x00, 0x43, 0x00, 0x02, 0x00,
    0x0B, 0x00, 0x0B, 0x00, 0x15, 0x00, 0x01, 0x00, 0x01, 0x04, 0x03, 0x01,
    0x00, 0x00, 0x00, 0x00, 0xE8, 0x03, 0x00, 0x00, 0x5E, 0x01, 0x00, 0x00,
    0x44, 0x00, 0x02, 0x00, 0x0B, 0x00, 0x0B, 0x00, 0x16, 0x00, 0x02, 0x00,
    0x01, 0x04, 0x03, 0x01, 0x00, 0x00, 0x00, 0x00, 0xE8, 0x03, 0x00, 0x00,
    0x5E, 0x01, 0x00, 0x00, 0x45, 0x00, 0x02, 0x00, 0x0B, 0x00, 0x0B, 0x00,
    0x04, 0x00, 0x03, 0x00, 0x01, 0x04, 0x03, 0x01, 0x00, 0x00, 0x00, 0x00,
    0xE8, 0x03, 0x00, 0x00, 0x64, 0x00, 0x00, 0x00, 0x46, 0x00, 0x02, 0x00,
    0x0B, 0x00, 0x0B, 0x00, 0x14, 0x00, 0x04, 0x00, 0x01, 0x04, 0x03, 0x01,
    0x00, 0x00, 0x00, 0x00, 0xE8, 0x03, 0x00, 0x00, 0x64, 0x00, 0x00, 0x00,
    0x47, 0x00, 0x02, 0x00, 0x0B, 0x00, 0x0B, 0x00, 0x17, 0x00, 0x05, 0x00,
    0x01, 0x04, 0x03, 0x01, 0x00, 0x00, 0x00, 0x00, 0xE8, 0x03, 0x00, 0x00,
    0x14, 0x00, 0x00, 0x00, 0x48, 0x00, 0x02, 0x00, 0x0C, 0x00, 0x0C, 0x00,
    0x03, 0x00, 0x00, 0x00, 0x01, 0x04, 0x03, 0x01, 0x00, 0x00, 0x00, 0x00,
    0xE8, 0x03, 0x00, 0x00, 0x90, 0x01, 0x00, 0x00, 0x49, 0x00, 0x02, 0x00,
    0x0C, 0x00, 0x0C, 0x00, 0x15, 0x00, 0x01, 0x00, 0x01, 0x04, 0x03, 0x01,
    0x00, 0x00, 0x00, 0x00, 0xE8, 0x03, 0x00, 0x00, 0x5E, 0x01, 0x00, 0x00,
    0x4A, 0x00, 0x02, 0x00, 0x0C, 0x00, 0x0C, 0x00, 0x16, 0x00, 0x02, 0x00,
    0x01, 0x04, 0x03, 0x01, 0x00, 0x00, 0x00, 0x00, 0xE8, 0x03, 0x00, 0x00,
    0x5E, 0x01, 0x00, 0x00, 0x4B, 0x00, 0x02, 0x00, 0x0C, 0x00, 0x0C, 0x00,
    0x04, 0x00, 0x03, 0x00, 0x01, 0x04, 0x03, 0x01, 0x00, 0x00, 0x00, 0x00,
    0xE8, 0x03, 0x00, 0x00, 0x64, 0x00, 0x00, 0x00, 0x4C, 0x00, 0x02, 0x00,
    0x0C, 0x00, 0x0C, 0x00, 0x14, 0x00, 0x04, 0x00, 0x01, 0x04, 0x03, 0x01,
    0x00, 0x00, 0x00, 0x00, 0xE8, 0x03, 0x00, 0x00, 0x64, 0x00, 0x00, 0x00,
    0x4D, 0x00, 0x02, 0x00, 0x0C, 0x00, 0x0C, 0x00, 0x17, 0x00, 0x05, 0x00,
    0x01, 0x04, 0x03, 0x01, 0x00, 0x00, 0x00, 0x00, 0xE8, 0x03, 0x00, 0x00,
    0x14, 0x00, 0x00, 0x00, 0x4E, 0x00, 0x02, 0x00, 0x0D, 0x00, 0x0D, 0x00,
    0x03, 0x00, 0x00, 0x00, 0x01, 0x04, 0x03, 0x01, 0x00, 0x00, 0x00, 0x00,
    0xE8, 0x03, 0x00, 0x00, 0x90, 0x01, 0x00, 0x00, 0x4F, 0x00, 0x02, 0x00,
    0x0D, 0x00, 0x0D, 0x00, 0x15, 0x00, 0x01, 0x00, 0x01, 0x04, 0x03, 0x01,
    0x00, 0x00, 0x00, 0x00, 0xE8, 0x03, 0x00, 0x00, 0x5E, 0x01, 0x00, 0x00,
    0x50, 0x00, 0x02, 0x00, 0x0D, 0x00, 0x0D, 0x00, 0x16, 0x00, 0x02, 0x00,
    0x01, 0x04, 0x03, 0x01, 0x00, 0x00, 0x00, 0x00, 0xE8, 0x03, 0x00, 0x00,
    0x5E, 0x01, 0x00, 0x00, 0x51, 0x00, 0x02, 0x00, 0x0D, 0x00, 0x0D, 0x00,
    0x04, 0x00, 0x03, 0x00, 0x01, 0x04, 0x03, 0x01, 0x00, 0x00, 0x00, 0x00,
    0xE8, 0x03, 0x00, 0x00, 0x64, 0x00, 0x00, 0x00, 0x52, 0x00, 0x02, 0x00,
    0x0D, 0x00, 0x0D, 0x00, 0x14, 0x00, 0x04, 0x00, 0x01, 0x04, 0x03, 0x01,
    0x00, 0x00, 0x00, 0x00, 0xE8, 0x03, 0x00, 0x00, 0x64, 0x00, 0x00, 0x00,
    0x53, 0x00, 0x02, 0x00, 0x0D, 0x00, 0x0D, 0x00, 0x17, 0x00, 0x05, 0x00,
    0x01, 0x04, 0x03, 0x01, 0x00, 0x00, 0x00, 0x00, 0xE8, 0x03, 0x00, 0x00,
    0x14, 0x00, 0x00, 0x00, 0x54, 0x00, 0x02, 0x00, 0x0E, 0x00, 0x0E, 0x00,
    0x03, 0x00, 0x00, 0x00, 0x01, 0x04, 0x03, 0x01, 0x00, 0x00, 0x00, 0x00,
    0xE8, 0x03, 0x00, 0x00, 0x90, 0x01, 0x00, 0x00, 0x55, 0x00, 0x02, 0x00,
    0x0E, 0x00, 0x0E, 0x00, 0x15, 0x00, 0x01, 0x00, 0x01, 0x04, 0x03, 0x01,
    0x00, 0x00, 0x00, 0x00, 0xE8, 0x03, 0x00, 0x00, 0x5E, 0x01, 0x00, 0x00,
    0x56, 0x00, 0x02, 0x00, 0x0E, 0x00, 0x0E, 0x00, 0x16, 0x00, 0x02, 0x00,
    0x01, 0x04, 0x03, 0x01, 0x00, 0x00, 0x00, 0x00, 0xE8, 0x03, 0x00, 0x00,
    0x5E, 0x01, 0x00, 0x00, 0x57, 0x00, 0x02, 0x00, 0x0E, 0x00, 0x0E, 0x00,
    0x04, 0x00, 0x03, 0x00, 0x01, 0x04, 0x03, 0x01, 0x00, 0x00, 0x00, 0x00,
    0xE8, 0x03, 0x00, 0x00, 0x64, 0x00, 0x00, 0x00, 0x58, 0x00, 0x02, 0x00,
    0x0E, 0x00, 0x0E, 0x00, 0x14, 0x00, 0x04, 0x00, 0x01, 0x04, 0x03, 0x01,
    0x00, 0x00, 0x00, 0x00, 0xE8, 0x03, 0x00, 0x00, 0x64, 0x00, 0x00, 0x00,
    0x59, 0x00, 0x02, 0x00, 0x0E, 0x00, 0x0E, 0x00, 0x17, 0x00, 0x05, 0x00,
    0x01, 0x04, 0x03, 0x01, 0x00, 0x00, 0x00, 0x00, 0xE8, 0x03, 0x00, 0x00,
    0x14, 0x00, 0x00, 0x00, 0x5A, 0x00, 0x02, 0x00, 0x0F, 0x00, 0x0F, 0x00,
    0x03, 0x00, 0x00, 0x00, 0x01, 0x04, 0x03, 0x01, 0x00, 0x00, 0x00, 0x00,
    0xE8, 0x03, 0x00, 0x00, 0x90, 0x01, 0x00, 0x00, 0x5B, 0x00, 0x02, 0x00,
    0x0F, 0x00, 0x0F, 0x00, 0x15, 0x00, 0x01, 0x00, 0x01, 0x04, 0x03, 0x01,
    0x00, 0x00, 0x00, 0x00, 0xE8, 0x03, 0x00, 0x00, 0x5E, 0x01, 0x00, 0x00,
    0x5C, 0x00, 0x02, 0x00, 0x0F, 0x00, 0x0F, 0x00, 0x16, 0x00, 0x02, 0x00,
    0x01, 0x04, 0x03, 0x01, 0x00, 0x00, 0x00, 0x00, 0xE8, 0x03, 0x00, 0x00,
    0x5E, 0x01, 0x00, 0x00, 0x5D, 0x00, 0x02, 0x00, 0x0F, 0x00, 0x0F, 0x00,
    0x04, 0x00, 0x03, 0x00, 0x01, 0x04, 0x03, 0x01, 0x00, 0x00, 0x00, 0x00,
    0xE8, 0x03, 0x00, 0x00, 0x64, 0x00, 0x00, 0x00, 0x5E, 0x00, 0x02, 0x00,
    0x0F, 0x00, 0x0F, 0x00, 0x14, 0x00, 0x04, 0x00, 0x01, 0x04, 0x03, 0x01,
    0x00, 0x00, 0x00, 0x00, 0xE8, 0x03, 0x00, 0x00, 0x64, 0x00, 0x00, 0x00,
    0x5F, 0x00, 0x02, 0x00, 0x0F, 0x00, 0x0F, 0x00, 0x17, 0x00, 0x05, 0x00,
    0x01, 0x04, 0x03, 0x01, 0x00, 0x00, 0x00, 0x00, 0xE8, 0x03, 0x00, 0x00,
    0x14, 0x00, 0x00, 0x00, 0x60, 0x00, 0x02, 0x00, 0x10, 0x00, 0x10, 0x00,
    0x03, 0x00, 0x00, 0x00, 0x01, 0x04, 0x03, 0x01, 0x00, 0x00, 0x00, 0x00,
    0xE8, 0x03, 0x00, 0x00, 0x90, 0x01, 0x00, 0x00, 0x61, 0x00, 0x02, 0x00,
    0x10, 0x00, 0x10, 0x00, 0x15, 0x00, 0x01, 0x00, 0x01, 0x04, 0x03, 0x01,
    0x00, 0x00, 0x00, 0x00, 0xE8, 0x03, 0x00, 0x00, 0x5E, 0x01, 0x00, 0x00,
    0x62, 0x00, 0x02, 0x00, 0x10, 0x00, 0x10, 0x00, 0x16, 0x00, 0x02, 0x00,
    0x01, 0x04, 0x03, 0x01, 0x00, 0x00, 0x00, 0x00, 0xE8, 0x03, 0x00, 0x00,
    0x5E, 0x01, 0x00, 0x00, 0x63, 0x00, 0x02, 0x00, 0x10, 0x00, 0x10, 0x00,
    0x04, 0x00, 0x03, 0x00, 0x01, 0x04, 0x03, 0x01, 0x00, 0x00, 0x00, 0x00,
    0xE8, 0x03, 0x00, 0x00, 0x64, 0x00, 0x00, 0x00, 0x64, 0x00, 0x02, 0x00,
    0x10, 0x00, 0x10, 0x00, 0x14, 0x00, 0x04, 0x00, 0x01, 0x04, 0x03, 0x01,
    0x00, 0x00, 0x00, 0x00, 0xE8, 0x03, 0x00, 0x00, 0x64, 0x00, 0x00, 0x00,
    0x65, 0x00, 0x02, 0x00, 0x10, 0x00, 0x10, 0x00, 0x17, 0x00, 0x05, 0x00,
    0x01, 0x04, 0x03, 0x01, 0x00, 0x00, 0x00, 0x00, 0xE8, 0x03, 0x00, 0x00,
    0x14, 0x00, 0x00, 0x00, 0x66, 0x00, 0x02, 0x00, 0x11, 0x00, 0x11, 0x00,
    0x03, 0x00, 0x00, 0x00, 0x01, 0x04, 0x03, 0x01, 0x00, 0x00, 0x00, 0x00,
    0xE8, 0x03, 0x00, 0x00, 0x90, 0x01, 0x00, 0x00, 0x67, 0x00, 0x02, 0x00,
    0x11, 0x00, 0x11, 0x00, 0x15, 0x00, 0x01, 0x00, 0x01, 0x04, 0x03, 0x01,
    0x00, 0x00, 0x00, 0x00, 0xE8, 0x03, 0x00, 0x00, 0x5E, 0x01, 0x00, 0x00,
    0x68, 0x00, 0x02, 0x00, 0x11, 0x00, 0x11, 0x00, 0x16, 0x00, 0x02, 0x00,
    0x01, 0x04, 0x03, 0x01, 0x00, 0x00, 0x00, 0x00, 0xE8, 0x03, 0x00, 0x00,
    0x5E, 0x01, 0x00, 0x00, 0x69, 0x00, 0x02, 0x00, 0x11, 0x00, 0x11, 0x00,
    0x04, 0x00, 0x03, 0x00, 0x01, 0x04, 0x03, 0x01, 0x00, 0x00, 0x00, 0x00,
    0xE8, 0x03, 0x00, 0x00, 0x64, 0x00, 0x00, 0x00, 0x6A, 0x00, 0x02, 0x00,
    0x11, 0x00, 0x11, 0x00, 0x14, 0x00, 0x04, 0x00, 0x01, 0x04, 0x03, 0x01,
    0x00, 0x00, 0x00, 0x00, 0xE8, 0x03, 0x00, 0x00, 0x64, 0x00, 0x00, 0x00,
    0x6B, 0x00, 0x02, 0x00, 0x11, 0x00, 0x11, 0x00, 0x17, 0x00, 0x05, 0x00,
    0x01, 0x04, 0x03, 0x01, 0x00, 0x00, 0x00, 0x00, 0xE8, 0x03, 0x00, 0x00,
    0x14, 0x00, 0x00, 0x00, 0x6C, 0x00, 0x02, 0x00, 0x12, 0x00, 0x12, 0x00,
    0x03, 0x00, 0x00, 0x00, 0x01, 0x04, 0x03, 0x01, 0x00, 0x00, 0x00, 0x00,
    0xE8, 0x03, 0x00, 0x00, 0x90, 0x01, 0x00, 0x00, 0x6D, 0x00, 0x02, 0x00,
    0x12, 0x00, 0x12, 0x00, 0x15, 0x00, 0x01, 0x00, 0x01, 0x04, 0x03, 0x01,
    0x00, 0x00, 0x00, 0x00, 0xE8, 0x03, 0x00, 0x00, 0x5E, 0x01, 0x00, 0x00,
    0x6E, 0x00, 0x02, 0x00, 0x12, 0x00, 0x12, 0x00, 0x16, 0x00, 0x02, 0x00,
    0x01, 0x04, 0x03, 0x01, 0x00, 0x00, 0x00, 0x00, 0xE8, 0x03, 0x00, 0x00,
    0x5E, 0x01, 0x00, 0x00, 0x6F, 0x00, 0x02, 0x00, 0x12, 0x00, 0x12, 0x00,
    0x04, 0x00, 0x03, 0x00, 0x01, 0x04, 0x03, 0x01, 0x00, 0x00, 0x00, 0x00,
    0xE8, 0x03, 0x00, 0x00, 0x64, 0x00, 0x00, 0x00, 0x70, 0x00, 0x02, 0x00,
    0x12, 0x00, 0x12, 0x00, 0x14, 0x00, 0x04, 0x00, 0x01, 0x04, 0x03, 0x01,
    0x00, 0x00, 0x00, 0x00, 0xE8, 0x03, 0x00, 0x00, 0x64, 0x00, 0x00, 0x00,
    0x71, 0x00, 0x02, 0x00, 0x12, 0x00, 0x12, 0x00, 0x17, 0x00, 0x05, 0x00,
    0x01, 0x04, 0x03, 0x01, 0x00, 0x00, 0x00, 0x00, 0xE8, 0x03, 0x00, 0x00,
    0x14, 0x00, 0x00, 0x00, 0x72, 0x00, 0x02, 0x00, 0x13, 0x00, 0x13, 0x00,
    0x03, 0x00, 0x00, 0x00, 0x01, 0x04, 0x03, 0x01, 0x00, 0x00, 0x00, 0x00,
    0xE8, 0x03, 0x00, 0x00, 0x90, 0x01, 0x00, 0x00, 0x73, 0x00, 0x02, 0x00,
    0x13, 0x00, 0x13, 0x00, 0x15, 0x00, 0x01, 0x00, 0x01, 0x04, 0x03, 0x01,
    0x00, 0x00, 0x00, 0x00, 0xE8, 0x03, 0x00, 0x00, 0x5E, 0x01, 0x00, 0x00,
    0x74, 0x00, 0x02, 0x00, 0x13, 0x00, 0x13, 0x00, 0x16, 0x00, 0x02, 0x00,
    0x01, 0x04, 0x03, 0x01, 0x00, 0x00, 0x00, 0x00, 0xE8, 0x03, 0x00, 0x00,
    0x5E, 0x01, 0x00, 0x00, 0x75, 0x00, 0x02, 0x00, 0x13, 0x00, 0x13, 0x00,
    0x04, 0x00, 0x03, 0x00, 0x01, 0x04, 0x03, 0x01, 0x00, 0x00, 0x00, 0x00,
    0xE8, 0x03, 0x00, 0x00, 0x64, 0x00, 0x00, 0x00, 0x76, 0x00, 0x02, 0x00,
    0x13, 0x00, 0x13, 0x00, 0x14, 0x00, 0x04, 0x00, 0x01, 0x04, 0x03, 0x01,
    0x00, 0x00, 0x00, 0x00, 0xE8, 0x03, 0x00, 0x00, 0x64, 0x00, 0x00, 0x00,
    0x77, 0x00, 0x02, 0x00, 0x13, 0x00, 0x13, 0x00, 0x17, 0x00, 0x05, 0x00,
    0x01, 0x04, 0x03, 0x01, 0x00, 0x00, 0x00, 0x00, 0xE8, 0x03, 0x00, 0x00,
    0x14, 0x00, 0x00, 0x00, 0x78, 0x00, 0x02, 0x00, 0x14, 0x00, 0x14, 0x00,
    0x03, 0x00, 0x00, 0x00, 0x01, 0x04, 0x03, 0x01, 0x00, 0x00, 0x00, 0x00,
    0xE8, 0x03, 0x00, 0x00, 0x90, 0x01, 0x00, 0x00, 0x79, 0x00, 0x02, 0x00,
    0x14, 0x00, 0x14, 0x00, 0x15, 0x00, 0x01, 0x00, 0x01, 0x04, 0x03, 0x01,
    0x00, 0x00, 0x00, 0x00, 0xE8, 0x03, 0x00, 0x00, 0x5E, 0x01, 0x00, 0x00,
    0x7A, 0x00, 0x02, 0x00, 0x14, 0x00, 0x14, 0x00, 0x16, 0x00, 0x02, 0x00,
    0x01, 0x04, 0x03, 0x01, 0x00, 0x00, 0x00, 0x00, 0xE8, 0x03, 0x00, 0x00,
    0x5E, 0x01, 0x00, 0x00, 0x7B, 0x00, 0x02, 0x00, 0x14, 0x00, 0x14, 0x00,
    0x04, 0x00, 0x03, 0x00, 0x01, 0x04, 0x03, 0x01, 0x00, 0x00, 0x00, 0x00,
    0xE8, 0x03, 0x00, 0x00, 0x64, 0x00, 0x00, 0x00, 0x7C, 0x00, 0x02, 0x00,
    0x14, 0x00, 0x14, 0x00, 0x14, 0x00, 0x04, 0x00, 0x01, 0x04, 0x03, 0x01,
    0x00, 0x00, 0x00, 0x00, 0xE8, 0x03, 0x00, 0x00, 0x64, 0x00, 0x00, 0x00,
    0x7D, 0x00, 0x02, 0x00, 0x14, 0x00, 0x14, 0x00, 0x17, 0x00, 0x05, 0x00,
    0x01, 0x04, 0x03, 0x01, 0x00, 0x00, 0x00, 0x00, 0xE8, 0x03, 0x00, 0x00,
    0x14, 0x00, 0x00, 0x00, 0x7E, 0x00, 0x02, 0x00, 0x15, 0x00, 0x15, 0x00,
    0x03, 0x00, 0x00, 0x00, 0x01, 0x04, 0x03, 0x01, 0x00, 0x00, 0x00, 0x00,
    0xE8, 0x03, 0x00, 0x00, 0x90, 0x01, 0x00, 0x00, 0x7F, 0x00, 0x02, 0x00,
    0x15, 0x00, 0x15, 0x00, 0x15, 0x00, 0x01, 0x00, 0x01, 0x04, 0x03, 0x01,
    0x00, 0x00, 0x00, 0x00, 0xE8, 0x03, 0x00, 0x00, 0x5E, 0x01, 0x00, 0x00,
    0x80, 0x00, 0x02, 0x00, 0x15, 0x00, 0x15, 0x00, 0x16, 0x00, 0x02, 0x00,
    0x01, 0x04, 0x03, 0x01, 0x00, 0x00, 0x00, 0x00, 0xE8, 0x03, 0x00, 0x00,
    0x5E, 0x01, 0x00, 0x00, 0x81, 0x00, 0x02, 0x00, 0x15, 0x00, 0x15, 0x00,
    0x04, 0x00, 0x03, 0x00, 0x01, 0x04, 0x03, 0x01, 0x00, 0x00, 0x00, 0x00,
    0xE8, 0x03, 0x00, 0x00, 0x64, 0x00, 0x00, 0x00, 0x82, 0x00, 0x02, 0x00,
    0x15, 0x00, 0x15, 0x00, 0x14, 0x00, 0x04, 0x00, 0x01, 0x04, 0x03, 0x01,
    0x00, 0x00, 0x00, 0x00, 0xE8, 0x03, 0x00, 0x00, 0x64, 0x00, 0x00, 0x00,
    0x83, 0x00, 0x02, 0x00, 0x15, 0x00, 0x15, 0x00, 0x17, 0x00, 0x05, 0x00,
    0x01, 0x04, 0x03, 0x01, 0x00, 0x00, 0x00, 0x00, 0xE8, 0x03, 0x00, 0x00,
    0x14, 0x00, 0x00, 0x00, 0x84, 0x00, 0x02, 0x00, 0x16, 0x00, 0x16, 0x00,
    0x03, 0x00, 0x00, 0x00, 0x01, 0x04, 0x03, 0x01, 0x00, 0x00, 0x00, 0x00,
    0xE8, 0x03, 0x00, 0x00, 0x90, 0x01, 0x00, 0x00, 0x85, 0x00, 0x02, 0x00,
    0x16, 0x00, 0x16, 0x00, 0x15, 0x00, 0x01, 0x00, 0x01, 0x04, 0x03, 0x01,
    0x00, 0x00, 0x00, 0x00, 0xE8, 0x03, 0x00, 0x00, 0x5E, 0x01, 0x00, 0x00,
    0x86, 0x00, 0x02, 0x00, 0x16, 0x00, 0x16, 0x00, 0x16, 0x00, 0x02, 0x00,
    0x01, 0x04, 0x03, 0x01, 0x00, 0x00, 0x00, 0x00, 0xE8, 0x03, 0x00, 0x00,
    0x5E, 0x01, 0x00, 0x00, 0x87, 0x00, 0x02, 0x00, 0x16, 0x00, 0x16, 0x00,
    0x04, 0x00, 0x03, 0x00, 0x01, 0x04, 0x03, 0x01, 0x00, 0x00, 0x00, 0x00,
    0xE8, 0x03, 0x00, 0x00, 0x64, 0x00, 0x00, 0x00, 0x88, 0x00, 0x02, 0x00,
    0x16, 0x00, 0x16, 0x00, 0x14, 0x00, 0x04, 0x00, 0x01, 0x04, 0x03, 0x01,
    0x00, 0x00, 0x00, 0x00, 0xE8, 0x03, 0x00, 0x00, 0x64, 0x00, 0x00, 0x00,
    0x89, 0x00, 0x02, 0x00, 0x16, 0x00, 0x16, 0x00, 0x17, 0x00, 0x05, 0x00,
    0x01, 0x04, 0x03, 0x01, 0x00, 0x00, 0x00, 0x00, 0xE8, 0x03, 0x00, 0x00,
    0x14, 0x00, 0x00, 0x00, 0x8A, 0x00, 0x02, 0x00, 0x17, 0x00, 0x17, 0x00,
    0x03, 0x00, 0x00, 0x00, 0x01, 0x04, 0x03, 0x01, 0x00, 0x00, 0x00, 0x00,
    0xE8, 0x03, 0x00, 0x00, 0x90, 0x01, 0x00, 0x00, 0x8B, 0x00, 0x02, 0x00,
    0x17, 0x00, 0x17, 0x00, 0x15, 0x00, 0x01, 0x00, 0x01, 0x04, 0x03, 0x01,
    0x00, 0x00, 0x00, 0x00, 0xE8, 0x03, 0x00, 0x00, 0x5E, 0x01, 0x00, 0x00,
    0x8C, 0x00, 0x02, 0x00, 0x17, 0x00, 0x17, 0x00, 0x16, 0x00, 0x02, 0x00,
    0x01, 0x04, 0x03, 0x01, 0x00, 0x00, 0x00, 0x00, 0xE8, 0x03, 0x00, 0x00,
    0x5E, 0x01, 0x00, 0x00, 0x8D, 0x00, 0x02, 0x00, 0x17, 0x00, 0x17, 0x00,
    0x04, 0x00, 0x03, 0x00, 0x01, 0x04, 0x03, 0x01, 0x00, 0x00, 0x00, 0x00,
    0xE8, 0x03, 0x00, 0x00, 0x64, 0x00, 0x00, 0x00, 0x8E, 0x00, 0x02, 0x00,
    0x17, 0x00, 0x17, 0x00, 0x14, 0x00, 0x04, 0x00, 0x01, 0x04, 0x03, 0x01,
    0x00, 0x00, 0x00, 0x00, 0xE8, 0x03, 0x00, 0x00, 0x64, 0x00, 0x00, 0x00,
    0x8F, 0x00, 0x02, 0x00, 0x17, 0x00, 0x17, 0x00, 0x17, 0x00, 0x05, 0x00,
    0x01, 0x04, 0x03, 0x01, 0x00, 0x00, 0x00, 0x00, 0xE8, 0x03, 0x00, 0x00,
    0x14, 0x00, 0x00, 0x00, 0x90, 0x00, 0x02, 0x00, 0x18, 0x00, 0x18, 0x00,
    0x03, 0x00, 0x00, 0x00, 0x01, 0x04, 0x03, 0x01, 0x00, 0x00, 0x00, 0x00,
    0xE8, 0x03, 0x00, 0x00, 0x90, 0x01, 0x00, 0x00, 0x91, 0x00, 0x02, 0x00,
    0x18, 0x00, 0x18, 0x00, 0x15, 0x00, 0x01, 0x00, 0x01, 0x04, 0x03, 0x01,
    0x00, 0x00, 0x00, 0x00, 0xE8, 0x03, 0x00, 0x00, 0x5E, 0x01, 0x00, 0x00,
    0x92, 0x00, 0x02, 0x00, 0x18, 0x00, 0x18, 0x00, 0x16, 0x00, 0x02, 0x00,
    0x01, 0x04, 0x03, 0x01, 0x00, 0x00, 0x00, 0x00, 0xE8, 0x03, 0x00, 0x00,
    0x5E, 0x01, 0x00, 0x00, 0x93, 0x00, 0x02, 0x00, 0x18, 0x00, 0x18, 0x00,
    0x04, 0x00, 0x03, 0x00, 0x01, 0x04, 0x03, 0x01, 0x00, 0x00, 0x00, 0x00,
    0xE8, 0x03, 0x00, 0x00, 0x64, 0x00, 0x00, 0x00, 0x94, 0x00, 0x02, 0x00,
    0x18, 0x00, 0x18, 0x00, 0x14, 0x00, 0x04, 0x00, 0x01, 0x04, 0x03, 0x01,
    0x00, 0x00, 0x00, 0x00, 0xE8, 0x03, 0x00, 0x00, 0x64, 0x00, 0x00, 0x00,
    0x95, 0x00, 0x02, 0x00, 0x18, 0x00, 0x18, 0x00, 0x17, 0x00, 0x05, 0x00,
    0x01, 0x04, 0x03, 0x01, 0x00, 0x00, 0x00, 0x00, 0xE8, 0x03, 0x00, 0x00,
    0x14, 0x00, 0x00, 0x00, 0x96, 0x00, 0x02, 0x00, 0x19, 0x00, 0x19, 0x00,
    0x03, 0x00, 0x00, 0x00, 0x01, 0x04, 0x03, 0x01, 0x00, 0x00, 0x00, 0x00,
    0xE8, 0x03, 0x00, 0x00, 0x90, 0x01, 0x00, 0x00, 0x97, 0x00, 0x02, 0x00,
    0x19, 0x00, 0x19, 0x00, 0x15, 0x00, 0x01, 0x00, 0x01, 0x04, 0x03, 0x01,
    0x00, 0x00, 0x00, 0x00, 0xE8, 0x03, 0x00, 0x00, 0x5E, 0x01, 0x00, 0x00,
    0x98, 0x00, 0x02, 0x00, 0x19, 0x00, 0x19, 0x00, 0x16, 0x00, 0x02, 0x00,
    0x01, 0x04, 0x03, 0x01, 0x00, 0x00, 0x00, 0x00, 0xE8, 0x03, 0x00, 0x00,
    0x5E, 0x01, 0x00, 0x00, 0x99, 0x00, 0x02, 0x00, 0x19, 0x00, 0x19, 0x00,
    0x04, 0x00, 0x03, 0x00, 0x01, 0x04, 0x03, 0x01, 0x00, 0x00, 0x00, 0x00,
    0xE8, 0x03, 0x00, 0x00, 0x64, 0x00, 0x00, 0x00, 0x9A, 0x00, 0x02, 0x00,
    0x19, 0x00, 0x19, 0x00, 0x14, 0x00, 0x04, 0x00, 0x01, 0x04, 0x03, 0x01,
    0x00, 0x00, 0x00, 0x00, 0xE8, 0x03, 0x00, 0x00, 0x64, 0x00, 0x00, 0x00,
    0x9B, 0x00, 0x02, 0x00, 0x19, 0x00, 0x19, 0x00, 0x17, 0x00, 0x05, 0x00,
    0x01, 0x04, 0x03, 0x01, 0x00, 0x00, 0x00, 0x00, 0xE8, 0x03, 0x00, 0x00,
    0x14, 0x00, 0x00, 0x00, 0x9C, 0x00, 0x02, 0x00, 0x1A, 0x00, 0x1A, 0x00,
    0x03, 0x00, 0x00, 0x00, 0x01, 0x04, 0x03, 0x01, 0x00, 0x00, 0x00, 0x00,
    0xE8, 0x03, 0x00, 0x00, 0x90, 0x01, 0x00, 0x00, 0x9D, 0x00, 0x02, 0x00,
    0x1A, 0x00, 0x1A, 0x00, 0x15, 0x00, 0x01, 0x00, 0x01, 0x04, 0x03, 0x01,
    0x00, 0x00, 0x00, 0x00, 0xE8, 0x03, 0x00, 0x00, 0x5E, 0x01, 0x00, 0x00,
    0x9E, 0x00, 0x02, 0x00, 0x1A, 0x00, 0x1A, 0x00, 0x16, 0x00, 0x02, 0x00,
    0x01, 0x04, 0x03, 0x01, 0x00, 0x00, 0x00, 0x00, 0xE8, 0x03, 0x00, 0x00,
    0x5E, 0x01, 0x00, 0x00, 0x9F, 0x00, 0x02, 0x00, 0x1A, 0x00, 0x1A, 0x00,
    0x04, 0x00, 0x03, 0x00, 0x01, 0x04, 0x03, 0x01, 0x00, 0x00, 0x00, 0x00,
    0xE8, 0x03, 0x00, 0x00, 0x64, 0x00, 0x00, 0x00, 0xA0, 0x00, 0x02, 0x00,
    0x1A, 0x00, 0x1A, 0x00, 0x14, 0x00, 0x04, 0x00, 0x01, 0x04, 0x03, 0x01,
    0x00, 0x00, 0x00, 0x00, 0xE8, 0x03, 0x00, 0x00, 0x64, 0x00, 0x00, 0x00,
    0xA1, 0x00, 0x02, 0x00, 0x1A, 0x00, 0x1A, 0x00, 0x17, 0x00, 0x05, 0x00,
    0x01, 0x04, 0x03, 0x01, 0x00, 0x00, 0x00, 0x00, 0xE8, 0x03, 0x00, 0x00,
    0x14, 0x00, 0x00, 0x00, 0xA2, 0x00, 0x02, 0x00, 0x1B, 0x00, 0x1B, 0x00,
    0x03, 0x00, 0x00, 0x00, 0x01, 0x04, 0x03, 0x01, 0x00, 0x00, 0x00, 0x00,
    0xE8, 0x03, 0x00, 0x00, 0x90, 0x01, 0x00, 0x00, 0xA3, 0x00, 0x02, 0x00,
    0x1B, 0x00, 0x1B, 0x00, 0x15, 0x00, 0x01, 0x00, 0x01, 0x04, 0x03, 0x01,
    0x00, 0x00, 0x00, 0x00, 0xE8, 0x03, 0x00, 0x00, 0x5E, 0x01, 0x00, 0x00,
    0xA4, 0x00, 0x02, 0x00, 0x1B, 0x00, 0x1B, 0x00, 0x16, 0x00, 0x02, 0x00,
    0x01, 0x04, 0x03, 0x01, 0x00, 0x00, 0x00, 0x00, 0xE8, 0x03, 0x00, 0x00,
    0x5E, 0x01, 0x00, 0x00, 0xA5, 0x00, 0x02, 0x00, 0x1B, 0x00, 0x1B, 0x00,
    0x04, 0x00, 0x03, 0x00, 0x01, 0x04, 0x03, 0x01, 0x00, 0x00, 0x00, 0x00,
    0xE8, 0x03, 0x00, 0x00, 0x64, 0x00, 0x00, 0x00, 0xA6, 0x00, 0x02, 0x00,
    0x1B, 0x00, 0x1B, 0x00, 0x14, 0x00, 0x04, 0x00, 0x01, 0x04, 0x03, 0x01,
    0x00, 0x00, 0x00, 0x00, 0xE8, 0x03, 0x00, 0x00, 0x64, 0x00, 0x00, 0x00,
    0xA7, 0x00, 0x02, 0x00, 0x1B, 0x00, 0x1B, 0x00, 0x17, 0x00, 0x05, 0x00,
    0x01, 0x04, 0x03, 0x01, 0x00, 0x00, 0x00, 0x00, 0xE8, 0x03, 0x00, 0x00,
    0x14, 0x00, 0x00, 0x00, 0xA8, 0x00, 0x02, 0x00, 0x1C, 0x00, 0x1C, 0x00,
    0x03, 0x00, 0x00, 0x00, 0x01, 0x04, 0x03, 0x01, 0x00, 0x00, 0x00, 0x00,
    0xE8, 0x03, 0x00, 0x00, 0x90, 0x01, 0x00, 0x00, 0xA9, 0x00, 0x02, 0x00,
    0x1C, 0x00, 0x1C, 0x00, 0x15, 0x00, 0x01, 0x00, 0x01, 0x04, 0x03, 0x01,
    0x00, 0x00, 0x00, 0x00, 0xE8, 0x03, 0x00, 0x00, 0x5E, 0x01, 0x00, 0x00,
    0xAA, 0x00, 0x02, 0x00, 0x1C, 0x00, 0x1C, 0x00, 0x16, 0x00, 0x02, 0x00,
    0x01, 0x04, 0x03, 0x01, 0x00, 0x00, 0x00, 0x00, 0xE8, 0x03, 0x00, 0x00,
    0x5E, 0x01, 0x00, 0x00, 0xAB, 0x00, 0x02, 0x00, 0x1C, 0x00, 0x1C, 0x00,
    0x04, 0x00, 0x03, 0x00, 0x01, 0x04, 0x03, 0x01, 0x00, 0x00, 0x00, 0x00,
    0xE8, 0x03, 0x00, 0x00, 0x64, 0x00, 0x00, 0x00, 0xAC, 0x00, 0x02, 0x00,
    0x1C, 0x00, 0x1C, 0x00, 0x14, 0x00, 0x04, 0x00, 0x01, 0x04, 0x03, 0x01,
    0x00, 0x00, 0x00, 0x00, 0xE8, 0x03, 0x00, 0x00, 0x64, 0x00, 0x00, 0x00,
    0xAD, 0x00, 0x02, 0x00, 0x1C, 0x00, 0x1C, 0x00, 0x17, 0x00, 0x05, 0x00,
    0x01, 0x04, 0x03, 0x01, 0x00, 0x00, 0x00, 0x00, 0xE8, 0x03, 0x00, 0x00,
    0x14, 0x00, 0x00, 0x00, 0xAE, 0x00, 0x02, 0x00, 0x1D, 0x00, 0x1D, 0x00,
    0x03, 0x00, 0x00, 0x00, 0x01, 0x04, 0x03, 0x01, 0x00, 0x00, 0x00, 0x00,
    0xE8, 0x03, 0x00, 0x00, 0x90, 0x01, 0x00, 0x00, 0xAF, 0x00, 0x02, 0x00,
    0x1D, 0x00, 0x1D, 0x00, 0x15, 0x00, 0x01, 0x00, 0x01, 0x04, 0x03, 0x01,
    0x00, 0x00, 0x00, 0x00, 0xE8, 0x03, 0x00, 0x00, 0x5E, 0x01, 0x00, 0x00,
    0xB0, 0x00, 0x02, 0x00, 0x1D, 0x00, 0x1D, 0x00, 0x16, 0x00, 0x02, 0x00,
    0x01, 0x04, 0x03, 0x01, 0x00, 0x00, 0x00, 0x00, 0xE8, 0x03, 0x00, 0x00,
    0x5E, 0x01, 0x00, 0x00, 0xB1, 0x00, 0x02, 0x00, 0x1D, 0x00, 0x1D, 0x00,
    0x04, 0x00, 0x03, 0x00, 0x01, 0x04, 0x03, 0x01, 0x00, 0x00, 0x00, 0x00,
    0xE8, 0x03, 0x00, 0x00, 0x64, 0x00, 0x00, 0x00, 0xB2, 0x00, 0x02, 0x00,
    0x1D, 0x00, 0x1D, 0x00, 0x14, 0x00, 0x04, 0x00, 0x01, 0x04, 0x03, 0x01,
    0x00, 0x00, 0x00, 0x00, 0xE8, 0x03, 0x00, 0x00, 0x64, 0x00, 0x00, 0x00,
    0xB3, 0x00, 0x02, 0x00, 0x1D, 0x00, 0x1D, 0x00, 0x17, 0x00, 0x05, 0x00,
    0x01, 0x04, 0x03, 0x01, 0x00, 0x00, 0x00, 0x00, 0xE8, 0x03, 0x00, 0x00,
    0x14, 0x00, 0x00, 0x00, 0xB4, 0x00, 0x02, 0x00, 0x1E, 0x00, 0x1E, 0x00,
    0x03, 0x00, 0x00, 0x00, 0x01, 0x04, 0x03, 0x01, 0x00, 0x00, 0x00, 0x00,
    0xE8, 0x03, 0x00, 0x00, 0x90, 0x01, 0x00, 0x00, 0xB5, 0x00, 0x02, 0x00,
    0x1E, 0x00, 0x1E, 0x00, 0x15, 0x00, 0x01, 0x00, 0x01, 0x04, 0x03, 0x01,
    0x00, 0x00, 0x00, 0x00, 0xE8, 0x03, 0x00, 0x00, 0x5E, 0x01, 0x00, 0x00,
    0xB6, 0x00, 0x02, 0x00, 0x1E, 0x00, 0x1E, 0x00, 0x16, 0x00, 0x02, 0x00,
    0x01, 0x04, 0x03, 0x01, 0x00, 0x00, 0x00, 0x00, 0xE8, 0x03, 0x00, 0x00,
    0x5E, 0x01, 0x00, 0x00, 0xB7, 0x00, 0x02, 0x00, 0x1E, 0x00, 0x1E, 0x00,
    0x04, 0x00, 0x03, 0x00, 0x01, 0x04, 0x03, 0x01, 0x00, 0x00, 0x00, 0x00,
    0xE8, 0x03, 0x00, 0x00, 0x64, 0x00, 0x00, 0x00, 0xB8, 0x00, 0x02, 0x00,
    0x1E, 0x00, 0x1E, 0x00, 0x14, 0x00, 0x04, 0x00, 0x01, 0x04, 0x03, 0x01,
    0x00, 0x00, 0x00, 0x00, 0xE8, 0x03, 0x00, 0x00, 0x64, 0x00, 0x00, 0x00,
    0xB9, 0x00, 0x02, 0x00, 0x1E, 0x00, 0x1E, 0x00, 0x17, 0x00, 0x05, 0x00,
    0x01, 0x04, 0x03, 0x01, 0x00, 0x00, 0x00, 0x00, 0xE8, 0x03, 0x00, 0x00,
    0x14, 0x00, 0x00, 0x00, 0xBA, 0x00, 0x02, 0x00, 0x1F, 0x00, 0x1F, 0x00,
    0x03, 0x00, 0x00, 0x00, 0x01, 0x04, 0x03, 0x01, 0x00, 0x00, 0x00, 0x00,
    0xE8, 0x03, 0x00, 0x00, 0x90, 0x01, 0x00, 0x00, 0xBB, 0x00, 0x02, 0x00,
    0x1F, 0x00, 0x1F, 0x00, 0x15, 0x00, 0x01, 0x00, 0x01, 0x04, 0x03, 0x01,
    0x00, 0x00, 0x00, 0x00, 0xE8, 0x03, 0x00, 0x00, 0x5E, 0x01, 0x00, 0x00,
    0xBC, 0x00, 0x02, 0x00, 0x1F, 0x00, 0x1F, 0x00, 0x16, 0x00, 0x02, 0x00,
    0x01, 0x04, 0x03, 0x01, 0x00, 0x00, 0x00, 0x00, 0xE8, 0x03, 0x00, 0x00,
    0x5E, 0x01, 0x00, 0x00, 0xBD, 0x00, 0x02, 0x00, 0x1F, 0x00, 0x1F, 0x00,
    0x04, 0x00, 0x03, 0x00, 0x01, 0x04, 0x03, 0x01, 0x00, 0x00, 0x00, 0x00,
    0xE8, 0x03, 0x00, 0x00, 0x64, 0x00, 0x00, 0x00, 0xBE, 0x00, 0x02, 0x00,
    0x1F, 0x00, 0x1F, 0x00, 0x14, 0x00, 0x04, 0x00, 0x01, 0x04, 0x03, 0x01,
    0x00, 0x00, 0x00, 0x00, 0xE8, 0x03, 0x00, 0x00, 0x64, 0x00, 0x00, 0x00,
    0xBF, 0x00, 0x02, 0x00, 0x1F, 0x00, 0x1F, 0x00, 0x17, 0x00, 0x05, 0x00,
    0x01, 0x04, 0x03, 0x01, 0x00, 0x00, 0x00, 0x00, 0xE8, 0x03, 0x00, 0x00,
    0x14, 0x00, 0x00, 0x00, 0xC0, 0x00, 0x02, 0x00, 0x20, 0x00, 0x20, 0x00,
    0x03, 0x00, 0x00, 0x00, 0x01, 0x04, 0x03, 0x01, 0x00, 0x00, 0x00, 0x00,
    0xE8, 0x03, 0x00, 0x00, 0x90, 0x01, 0x00, 0x00, 0xC1, 0x00, 0x02, 0x00,
    0x20, 0x00, 0x20, 0x00, 0x15, 0x00, 0x01, 0x00, 0x01, 0x04, 0x03, 0x01,
    0x00, 0x00, 0x00, 0x00, 0xE8, 0x03, 0x00, 0x00, 0x5E, 0x01, 0x00, 0x00,
    0xC2, 0x00, 0x02, 0x00, 0x20, 0x00, 0x20, 0x00, 0x16, 0x00, 0x02, 0x00,
    0x01, 0x04, 0x03, 0x01, 0x00, 0x00, 0x00, 0x00, 0xE8, 0x03, 0x00, 0x00,
    0x5E, 0x01, 0x00, 0x00, 0xC3, 0x00, 0x02, 0x00, 0x20, 0x00, 0x20, 0x00,
    0x04, 0x00, 0x03, 0x00, 0x01, 0x04, 0x03, 0x01, 0x00, 0x00, 0x00, 0x00,
    0xE8, 0x03, 0x00, 0x00, 0x64, 0x00, 0x00, 0x00, 0xC4, 0x00, 0x02, 0x00,
    0x20, 0x00, 0x20, 0x00, 0x14, 0x00, 0x04, 0x00, 0x01, 0x04, 0x03, 0x01,
    0x00, 0x00, 0x00, 0x00, 0xE8, 0x03, 0x00, 0x00, 0x64, 0x00, 0x00, 0x00,
    0xC5, 0x00, 0x02, 0x00, 0x20, 0x00, 0x20, 0x00, 0x17, 0x00, 0x05, 0x00,
    0x01, 0x04, 0x03, 0x01, 0x00, 0x00, 0x00, 0x00, 0xE8, 0x03, 0x00, 0x00,
    0x14, 0x00, 0x00, 0x00, 0xC6, 0x00, 0x02, 0x00, 0x21, 0x00, 0x21, 0x00,
    0x03, 0x00, 0x00, 0x00, 0x01, 0x04, 0x03, 0x01, 0x00, 0x00, 0x00, 0x00,
    0xE8, 0x03, 0x00, 0x00, 0x90, 0x01, 0x00, 0x00, 0xC7, 0x00, 0x02, 0x00,
    0x21, 0x00, 0x21, 0x00, 0x15, 0x00, 0x01, 0x00, 0x01, 0x04, 0x03, 0x01,
    0x00, 0x00, 0x00, 0x00, 0xE8, 0x03, 0x00, 0x00, 0x5E, 0x01, 0x00, 0x00,
    0xC8, 0x00, 0x02, 0x00, 0x21, 0x00, 0x21, 0x00, 0x16, 0x00, 0x02, 0x00,
    0x01, 0x04, 0x03, 0x01, 0x00, 0x00, 0x00, 0x00, 0xE8, 0x03, 0x00, 0x00,
    0x5E, 0x01, 0x00, 0x00, 0xC9, 0x00, 0x02, 0x00, 0x21, 0x00, 0x21, 0x00,
    0x04, 0x00, 0x03, 0x00, 0x01, 0x04, 0x03, 0x01, 0x00, 0x00, 0x00, 0x00,
    0xE8, 0x03, 0x00, 0x00, 0x64, 0x00, 0x00, 0x00, 0xCA, 0x00, 0x02, 0x00,
    0x21, 0x00, 0x21, 0x00, 0x14, 0x00, 0x04, 0x00, 0x01, 0x04, 0x03, 0x01,
    0x00, 0x00, 0x00, 0x00, 0xE8, 0x03, 0x00, 0x00, 0x64, 0x00, 0x00, 0x00,
    0xCB, 0x00, 0x02, 0x00, 0x21, 0x00, 0x21, 0x00, 0x17, 0x00, 0x05, 0x00,
    0x01, 0x04, 0x03, 0x01, 0x00, 0x00, 0x00, 0x00, 0xE8, 0x03, 0x00, 0x00,
    0x14, 0x00, 0x00, 0x00, 0xCC, 0x00, 0x02, 0x00, 0x22, 0x00, 0x22, 0x00,
    0x03, 0x00, 0x00, 0x00, 0x01, 0x04, 0x03, 0x01, 0x00, 0x00, 0x00, 0x00,
    0xE8, 0x03, 0x00, 0x00, 0x90, 0x01, 0x00, 0x00, 0xCD, 0x00, 0x02, 0x00,
    0x22, 0x00, 0x22, 0x00, 0x15, 0x00, 0x01, 0x00, 0x01, 0x04, 0x03, 0x01,
    0x00, 0x00, 0x00, 0x00, 0xE8, 0x03, 0x00, 0x00, 0x5E, 0x01, 0x00, 0x00,
    0xCE, 0x00, 0x02, 0x00, 0x22, 0x00, 0x22, 0x00, 0x16, 0x00, 0x02, 0x00,
    0x01, 0x04, 0x03, 0x01, 0x00, 0x00, 0x00, 0x00, 0xE8, 0x03, 0x00, 0x00,
    0x5E, 0x01, 0x00, 0x00, 0xCF, 0x00, 0x02, 0x00, 0x22, 0x00, 0x22, 0x00,
    0x04, 0x00, 0x03, 0x00, 0x01, 0x04, 0x03, 0x01, 0x00, 0x00, 0x00, 0x00,
    0xE8, 0x03, 0x00, 0x00, 0x64, 0x00, 0x00, 0x00, 0xD0, 0x00, 0x02, 0x00,
    0x22, 0x00, 0x22, 0x00, 0x14, 0x00, 0x04, 0x00, 0x01, 0x04, 0x03, 0x01,
    0x00, 0x00, 0x00, 0x00, 0xE8, 0x03, 0x00, 0x00, 0x64, 0x00, 0x00, 0x00,
    0xD1, 0x00, 0x02, 0x00, 0x22, 0x00, 0x22, 0x00, 0x17, 0x00, 0x05, 0x00,
    0x01, 0x04, 0x03, 0x01, 0x00, 0x00, 0x00, 0x00, 0xE8, 0x03, 0x00, 0x00,
    0x14, 0x00, 0x00, 0x00, 0xD2, 0x00, 0x02, 0x00, 0x23, 0x00, 0x23, 0x00,
    0x03, 0x00, 0x00, 0x00, 0x01, 0x04, 0x03, 0x01, 0x00, 0x00, 0x00, 0x00,
    0xE8, 0x03, 0x00, 0x00, 0x90, 0x01, 0x00, 0x00, 0xD3, 0x00, 0x02, 0x00,
    0x23, 0x00, 0x23, 0x00, 0x15, 0x00, 0x01, 0x00, 0x01, 0x04, 0x03, 0x01,
    0x00, 0x00, 0x00, 0x00, 0xE8, 0x03, 0x00, 0x00, 0x5E, 0x01, 0x00, 0x00,
    0xD4, 0x00, 0x02, 0x00, 0x23, 0x00, 0x23, 0x00, 0x16, 0x00, 0x02, 0x00,
    0x01, 0x04, 0x03, 0x01, 0x00, 0x00, 0x00, 0x00, 0xE8, 0x03, 0x00, 0x00,
    0x5E, 0x01, 0x00, 0x00, 0xD5, 0x00, 0x02, 0x00, 0x23, 0x00, 0x23, 0x00,
    0x04, 0x00, 0x03, 0x00, 0x01, 0x04, 0x03, 0x01, 0x00, 0x00, 0x00, 0x00,
    0xE8, 0x03, 0x00, 0x00, 0x64, 0x00, 0x00, 0x00, 0xD6, 0x00, 0x02, 0x00,
    0x23, 0x00, 0x23, 0x00, 0x14, 0x00, 0x04, 0x00, 0x01, 0x04, 0x03, 0x01,
    0x00, 0x00, 0x00, 0x00, 0xE8, 0x03, 0x00, 0x00, 0x64, 0x00, 0x00, 0x00,
    0xD7, 0x00, 0x02, 0x00, 0x23, 0x00, 0x23, 0x00, 0x17, 0x00, 0x05, 0x00,
    0x01, 0x04, 0x03, 0x01, 0x00, 0x00, 0x00, 0x00, 0xE8, 0x03, 0x00, 0x00,
    0x14, 0x00, 0x00, 0x00, 0xD8, 0x00, 0x02, 0x00, 0x24, 0x00, 0x24, 0x00,
    0x03, 0x00, 0x00, 0x00, 0x01, 0x04, 0x03, 0x01, 0x00, 0x00, 0x00, 0x00,
    0xE8, 0x03, 0x00, 0x00, 0x90, 0x01, 0x00, 0x00, 0xD9, 0x00, 0x02, 0x00,
    0x24, 0x00, 0x24, 0x00, 0x15, 0x00, 0x01, 0x00, 0x01, 0x04, 0x03, 0x01,
    0x00, 0x00, 0x00, 0x00, 0xE8, 0x03, 0x00, 0x00, 0x5E, 0x01, 0x00, 0x00,
    0xDA, 0x00, 0x02, 0x00, 0x24, 0x00, 0x24, 0x00, 0x16, 0x00, 0x02, 0x00,
    0x01, 0x04, 0x03, 0x01, 0x00, 0x00, 0x00, 0x00, 0xE8, 0x03, 0x00, 0x00,
    0x5E, 0x01, 0x00, 0x00, 0xDB, 0x00, 0x02, 0x00, 0x24, 0x00, 0x24, 0x00,
    0x04, 0x00, 0x03, 0x00, 0x01, 0x04, 0x03, 0x01, 0x00, 0x00, 0x00, 0x00,
    0xE8, 0x03, 0x00, 0x00, 0x64, 0x00, 0x00, 0x00, 0xDC, 0x00, 0x02, 0x00,
    0x24, 0x00, 0x24, 0x00, 0x14, 0x00, 0x04, 0x00, 0x01, 0x04, 0x03, 0x01,
    0x00, 0x00, 0x00, 0x00, 0xE8, 0x03, 0x00, 0x00, 0x64, 0x00, 0x00, 0x00,
    0xDD, 0x00, 0x02, 0x00, 0x24, 0x00, 0x24, 0x00, 0x17, 0x00, 0x05, 0x00,
    0x01, 0x04, 0x03, 0x01, 0x00, 0x00, 0x00, 0x00, 0xE8, 0x03, 0x00, 0x00,
    0x14, 0x00, 0x00, 0x00, 0xDE, 0x00, 0x02, 0x00, 0x25, 0x00, 0x25, 0x00,
    0x03, 0x00, 0x00, 0x00, 0x01, 0x04, 0x03, 0x01, 0x00, 0x00, 0x00, 0x00,
    0xE8, 0x03, 0x00, 0x00, 0x90, 0x01, 0x00, 0x00, 0xDF, 0x00, 0x02, 0x00,
    0x25, 0x00, 0x25, 0x00, 0x15, 0x00, 0x01, 0x00, 0x01, 0x04, 0x03, 0x01,
    0x00, 0x00, 0x00, 0x00, 0xE8, 0x03, 0x00, 0x00, 0x5E, 0x01, 0x00, 0x00,
    0xE0, 0x00, 0x02, 0x00, 0x25, 0x00, 0x25, 0x00, 0x16, 0x00, 0x02, 0x00,
    0x01, 0x04, 0x03, 0x01, 0x00, 0x00, 0x00, 0x00, 0xE8, 0x03, 0x00, 0x00,
    0x5E, 0x01, 0x00, 0x00, 0xE1, 0x00, 0x02, 0x00, 0x25, 0x00, 0x25, 0x00,
    0x04, 0x00, 0x03, 0x00, 0x01, 0x04, 0x03, 0x01, 0x00, 0x00, 0x00, 0x00,
    0xE8, 0x03, 0x00, 0x00, 0x64, 0x00, 0x00, 0x00, 0xE2, 0x00, 0x02, 0x00,
    0x25, 0x00, 0x25, 0x00, 0x14, 0x00, 0x04, 0x00, 0x01, 0x04, 0x03, 0x01,
    0x00, 0x00, 0x00, 0x00, 0xE8, 0x03, 0x00, 0x00, 0x64, 0x00, 0x00, 0x00,
    0xE3, 0x00, 0x02, 0x00, 0x25, 0x00, 0x25, 0x00, 0x17, 0x00, 0x05, 0x00,
    0x01, 0x04, 0x03, 0x01, 0x00, 0x00, 0x00, 0x00, 0xE8, 0x03, 0x00, 0x00,
    0x14, 0x00, 0x00, 0x00, 0xE4, 0x00, 0x02, 0x00, 0x26, 0x00, 0x26, 0x00,
    0x03, 0x00, 0x00, 0x00, 0x01, 0x04, 0x03, 0x01, 0x00, 0x00, 0x00, 0x00,
    0xE8, 0x03, 0x00, 0x00, 0x90, 0x01, 0x00, 0x00, 0xE5, 0x00, 0x02, 0x00,
    0x26, 0x00, 0x26, 0x00, 0x15, 0x00, 0x01, 0x00, 0x01, 0x04, 0x03, 0x01,
    0x00, 0x00, 0x00, 0x00, 0xE8, 0x03, 0x00, 0x00, 0x5E, 0x01, 0x00, 0x00,
    0xE6, 0x00, 0x02, 0x00, 0x26, 0x00, 0x26, 0x00, 0x16, 0x00, 0x02, 0x00,
    0x01, 0x04, 0x03, 0x01, 0x00, 0x00, 0x00, 0x00, 0xE8, 0x03, 0x00, 0x00,
    0x5E, 0x01, 0x00, 0x00, 0xE7, 0x00, 0x02, 0x00, 0x26, 0x00, 0x26, 0x00,
    0x04, 0x00, 0x03, 0x00, 0x01, 0x04, 0x03, 0x01, 0x00, 0x00, 0x00, 0x00,
    0xE8, 0x03, 0x00, 0x00, 0x64, 0x00, 0x00, 0x00, 0xE8, 0x00, 0x02, 0x00,
    0x26, 0x00, 0x26, 0x00, 0x14, 0x00, 0x04, 0x00, 0x01, 0x04, 0x03, 0x01,
    0x00, 0x00, 0x00, 0x00, 0xE8, 0x03, 0x00, 0x00, 0x64, 0x00, 0x00, 0x00,
    0xE9, 0x00, 0x02, 0x00, 0x26, 0x00, 0x26, 0x00, 0x17, 0x00, 0x05, 0x00,
    0x01, 0x04, 0x03, 0x01, 0x00, 0x00, 0x00, 0x00, 0xE8, 0x03, 0x00, 0x00,
    0x14, 0x00, 0x00, 0x00, 0xEA, 0x00, 0x02, 0x00, 0x27, 0x00, 0x27, 0x00,
    0x03, 0x00, 0x00, 0x00, 0x01, 0x04, 0x03, 0x01, 0x00, 0x00, 0x00, 0x00,
    0xE8, 0x03, 0x00, 0x00, 0x90, 0x01, 0x00, 0x00, 0xEB, 0x00, 0x02, 0x00,
    0x27, 0x00, 0x27, 0x00, 0x15, 0x00, 0x01, 0x00, 0x01, 0x04, 0x03, 0x01,
    0x00, 0x00, 0x00, 0x00, 0xE8, 0x03, 0x00, 0x00, 0x5E, 0x01, 0x00, 0x00,
    0xEC, 0x00, 0x02, 0x00, 0x27, 0x00, 0x27, 0x00, 0x16, 0x00, 0x02, 0x00,
    0x01, 0x04, 0x03, 0x01, 0x00, 0x00, 0x00, 0x00, 0xE8, 0x03, 0x00, 0x00,
    0x5E, 0x01, 0x00, 0x00, 0xED, 0x00, 0x02, 0x00, 0x27, 0x00, 0x27, 0x00,
    0x04, 0x00, 0x03, 0x00, 0x01, 0x04, 0x03, 0x01, 0x00, 0x00, 0x00, 0x00,
    0xE8, 0x03, 0x00, 0x00, 0x64, 0x00, 0x00, 0x00, 0xEE, 0x00, 0x02, 0x00,
    0x27, 0x00, 0x27, 0x00, 0x14, 0x00, 0x04, 0x00, 0x01, 0x04, 0x03, 0x01,
    0x00, 0x00, 0x00, 0x00, 0xE8, 0x03, 0x00, 0x00, 0x64, 0x00, 0x00, 0x00,
    0xEF, 0x00, 0x02, 0x00, 0x27, 0x00, 0x27, 0x00, 0x17, 0x00, 0x05, 0x00,
    0x01, 0x04, 0x03, 0x01, 0x00, 0x00, 0x00, 0x00, 0xE8, 0x03, 0x00, 0x00,
    0x14, 0x00, 0x00, 0x00, 0xF0, 0x00, 0x02, 0x00, 0x28, 0x00, 0x28, 0x00,
    0x03, 0x00, 0x00, 0x00, 0x01, 0x04, 0x03, 0x01, 0x00, 0x00, 0x00, 0x00,
    0xE8, 0x03, 0x00, 0x00, 0x90, 0x01, 0x00, 0x00, 0xF1, 0x00, 0x02, 0x00,
    0x28, 0x00, 0x28, 0x00, 0x15, 0x00, 0x01, 0x00, 0x01, 0x04, 0x03, 0x01,
    0x00, 0x00, 0x00, 0x00, 0xE8, 0x03, 0x00, 0x00, 0x5E, 0x01, 0x00, 0x00,
    0xF2, 0x00, 0x02, 0x00, 0x28, 0x00, 0x28, 0x00, 0x16, 0x00, 0x02, 0x00,
    0x01, 0x04, 0x03, 0x01, 0x00, 0x00, 0x00, 0x00, 0xE8, 0x03, 0x00, 0x00,
    0x5E, 0x01, 0x00, 0x00, 0xF3, 0x00, 0x02, 0x00, 0x28, 0x00, 0x28, 0x00,
    0x04, 0x00, 0x03, 0x00, 0x01, 0x04, 0x03, 0x01, 0x00, 0x00, 0x00, 0x00,
    0xE8, 0x03, 0x00, 0x00, 0x64, 0x00, 0x00, 0x00, 0xF4, 0x00, 0x02, 0x00,
    0x28, 0x00, 0x28, 0x00, 0x14, 0x00, 0x04, 0x00, 0x01, 0x04, 0x03, 0x01,
    0x00, 0x00, 0x00, 0x00, 0xE8, 0x03, 0x00, 0x00, 0x64, 0x00, 0x00, 0x00,
    0xF5, 0x00, 0x02, 0x00, 0x28, 0x00, 0x28, 0x00, 0x17, 0x00, 0x05, 0x00,
    0x01, 0x04, 0x03, 0x01, 0x00, 0x00, 0x00, 0x00, 0xE8, 0x03, 0x00, 0x00,
    0x14, 0x00, 0x00, 0x00, 0xF6, 0x00, 0x02, 0x00, 0x29, 0x00, 0x29, 0x00,
    0x03, 0x00, 0x00, 0x00, 0x01, 0x04, 0x03, 0x01, 0x00, 0x00, 0x00, 0x00,
    0xE8, 0x03, 0x00, 0x00, 0x90, 0x01, 0x00, 0x00, 0xF7, 0x00, 0x02, 0x00,
    0x29, 0x00, 0x29, 0x00, 0x15, 0x00, 0x01, 0x00, 0x01, 0x04, 0x03, 0x01,
    0x00, 0x00, 0x00, 0x00, 0xE8, 0x03, 0x00, 0x00, 0x5E, 0x01, 0x00, 0x00,
    0xF8, 0x00, 0x02, 0x00, 0x29, 0x00, 0x29, 0x00, 0x16, 0x00, 0x02, 0x00,
    0x01, 0x04, 0x03, 0x01, 0x00, 0x00, 0x00, 0x00, 0xE8, 0x03, 0x00, 0x00,
    0x5E, 0x01, 0x00, 0x00, 0xF9, 0x00, 0x02, 0x00, 0x29, 0x00, 0x29, 0x00,
    0x04, 0x00, 0x03, 0x00, 0x01, 0x04, 0x03, 0x01, 0x00, 0x00, 0x00, 0x00,
    0xE8, 0x03, 0x00, 0x00, 0x64, 0x00, 0x00, 0x00, 0xFA, 0x00, 0x02, 0x00,
    0x29, 0x00, 0x29, 0x00, 0x14, 0x00, 0x04, 0x00, 0x01, 0x04, 0x03, 0x01,
    0x00, 0x00, 0x00, 0x00, 0xE8, 0x03, 0x00, 0x00, 0x64, 0x00, 0x00, 0x00,
    0xFB, 0x00, 0x02, 0x00, 0x29, 0x00, 0x29, 0x00, 0x17, 0x00, 0x05, 0x00,
    0x01, 0x04, 0x03, 0x01, 0x00, 0x00, 0x00, 0x00, 0xE8, 0x03, 0x00, 0x00,
    0x14, 0x00, 0x00, 0x00, 0xFC, 0x00, 0x02, 0x00, 0x2A, 0x00, 0x2A, 0x00,
    0x03, 0x00, 0x00, 0x00, 0x01, 0x04, 0x03, 0x01, 0x00, 0x00, 0x00, 0x00,
    0xE8, 0x03, 0x00, 0x00, 0x90, 0x01, 0x00, 0x00, 0xFD, 0x00, 0x02, 0x00,
    0x2A, 0x00, 0x2A, 0x00, 0x15, 0x00, 0x01, 0x00, 0x01, 0x04, 0x03, 0x01,
    0x00, 0x00, 0x00, 0x00, 0xE8, 0x03, 0x00, 0x00, 0x5E, 0x01, 0x00, 0x00,
    0xFE, 0x00, 0x02, 0x00, 0x2A, 0x00, 0x2A, 0x00, 0x16, 0x00, 0x02, 0x00,
    0x01, 0x04, 0x03, 0x01, 0x00, 0x00, 0x00, 0x00, 0xE8, 0x03, 0x00, 0x00,
    0x5E, 0x01, 0x00, 0x00, 0xFF, 0x00, 0x02, 0x00, 0x2A, 0x00, 0x2A, 0x00,
    0x04, 0x00, 0x03, 0x00, 0x01, 0x04, 0x03, 0x01, 0x00, 0x00, 0x00, 0x00,
    0xE8, 0x03, 0x00, 0x00, 0x64, 0x00, 0x00, 0x00, 0x00, 0x01, 0x02, 0x00,
    0x2A, 0x00, 0x2A, 0x00, 0x14, 0x00, 0x04, 0x00, 0x01, 0x04, 0x03, 0x01,
    0x00, 0x00, 0x00, 0x00, 0xE8, 0x03, 0x00, 0x00, 0x64, 0x00, 0x00, 0x00,
    0x01, 0x01, 0x02, 0x00, 0x2A, 0x00, 0x2A, 0x00, 0x17, 0x00, 0x05, 0x00,
    0x01, 0x04, 0x03, 0x01, 0x00, 0x00, 0x00, 0x00, 0xE8, 0x03, 0x00, 0x00,
    0x14, 0x00, 0x00, 0x00, 0x02, 0x01, 0x02, 0x00, 0x2B, 0x00, 0x2B, 0x00,
    0x03, 0x00, 0x00, 0x00, 0x01, 0x04, 0x03, 0x01, 0x00, 0x00, 0x00, 0x00,
    0xE8, 0x03, 0x00, 0x00, 0x90, 0x01, 0x00, 0x00, 0x03, 0x01, 0x02, 0x00,
    0x2B, 0x00, 0x2B, 0x00, 0x15, 0x00, 0x01, 0x00, 0x01, 0x04, 0x03, 0x01,
    0x00, 0x00, 0x00, 0x00, 0xE8, 0x03, 0x00, 0x00, 0x5E, 0x01, 0x00, 0x00,
    0x04, 0x01, 0x02, 0x00, 0x2B, 0x00, 0x2B, 0x00, 0x16, 0x00, 0x02, 0x00,
    0x01, 0x04, 0x03, 0x01, 0x00, 0x00, 0x00, 0x00, 0xE8, 0x03, 0x00, 0x00,
    0x5E, 0x01, 0x00, 0x00, 0x05, 0x01, 0x02, 0x00, 0x2B, 0x00, 0x2B, 0x00,
    0x04, 0x00, 0x03, 0x00, 0x01, 0x04, 0x03, 0x01, 0x00, 0x00, 0x00, 0x00,
    0xE8, 0x03, 0x00, 0x00, 0x64, 0x00, 0x00, 0x00, 0x06, 0x01, 0x02, 0x00,
    0x2B, 0x00, 0x2B, 0x00, 0x14, 0x00, 0x04, 0x00, 0x01, 0x04, 0x03, 0x01,
    0x00, 0x00, 0x00, 0x00, 0xE8, 0x03, 0x00, 0x00, 0x64, 0x00, 0x00, 0x00,
    0x07, 0x01, 0x02, 0x00, 0x2B, 0x00, 0x2B, 0x00, 0x17, 0x00, 0x05, 0x00,
    0x01, 0x04, 0x03, 0x01, 0x00, 0x00, 0x00, 0x00, 0xE8, 0x03, 0x00, 0x00,
    0x14, 0x00, 0x00, 0x00, 0x08, 0x01, 0x02, 0x00, 0x2C, 0x00, 0x2C, 0x00,
    0x03, 0x00, 0x00, 0x00, 0x01, 0x04, 0x03, 0x01, 0x00, 0x00, 0x00, 0x00,
    0xE8, 0x03, 0x00, 0x00, 0x90, 0x01, 0x00, 0x00, 0x09, 0x01, 0x02, 0x00,
    0x2C, 0x00, 0x2C, 0x00, 0x15, 0x00, 0x01, 0x00, 0x01, 0x04, 0x03, 0x01,
    0x00, 0x00, 0x00, 0x00, 0xE8, 0x03, 0x00, 0x00, 0x5E, 0x01, 0x00, 0x00,
    0x0A, 0x01, 0x02, 0x00, 0x2C, 0x00, 0x2C, 0x00, 0x16, 0x00, 0x02, 0x00,
    0x01, 0x04, 0x03, 0x01, 0x00, 0x00, 0x00, 0x00, 0xE8, 0x03, 0x00, 0x00,
    0x5E, 0x01, 0x00, 0x00, 0x0B, 0x01, 0x02, 0x00, 0x2C, 0x00, 0x2C, 0x00,
    0x04, 0x00, 0x03, 0x00, 0x01, 0x04, 0x03, 0x01, 0x00, 0x00, 0x00, 0x00,
    0xE8, 0x03, 0x00, 0x00, 0x64, 0x00, 0x00, 0x00, 0x0C, 0x01, 0x02, 0x00,
    0x2C, 0x00, 0x2C, 0x00, 0x14, 0x00, 0x04, 0x00, 0x01, 0x04, 0x03, 0x01,
    0x00, 0x00, 0x00, 0x00, 0xE8, 0x03, 0x00, 0x00, 0x64, 0x00, 0x00, 0x00,
    0x0D, 0x01, 0x02, 0x00, 0x2C, 0x00, 0x2C, 0x00, 0x17, 0x00, 0x05, 0x00,
    0x01, 0x04, 0x03, 0x01, 0x00, 0x00, 0x00, 0x00, 0xE8, 0x03, 0x00, 0x00,
    0x14, 0x00, 0x00, 0x00, 0x0E, 0x01, 0x02, 0x00, 0x2D, 0x00, 0x2D, 0x00,
    0x03, 0x00, 0x00, 0x00, 0x01, 0x04, 0x03, 0x01, 0x00, 0x00, 0x00, 0x00,
    0xE8, 0x03, 0x00, 0x00, 0x90, 0x01, 0x00, 0x00, 0x0F, 0x01, 0x02, 0x00,
    0x2D, 0x00, 0x2D, 0x00, 0x15, 0x00, 0x01, 0x00, 0x01, 0x04, 0x03, 0x01,
    0x00, 0x00, 0x00, 0x00, 0xE8, 0x03, 0x00, 0x00, 0x5E, 0x01, 0x00, 0x00,
    0x10, 0x01, 0x02, 0x00, 0x2D, 0x00, 0x2D, 0x00, 0x16, 0x00, 0x02, 0x00,
    0x01, 0x04, 0x03, 0x01, 0x00, 0x00, 0x00, 0x00, 0xE8, 0x03, 0x00, 0x00,
    0x5E, 0x01, 0x00, 0x00, 0x11, 0x01, 0x02, 0x00, 0x2D, 0x00, 0x2D, 0x00,
    0x04, 0x00, 0x03, 0x00, 0x01, 0x04, 0x03, 0x01, 0x00, 0x00, 0x00, 0x00,
    0xE8, 0x03, 0x00, 0x00, 0x64, 0x00, 0x00, 0x00, 0x12, 0x01, 0x02, 0x00,
    0x2D, 0x00, 0x2D, 0x00, 0x14, 0x00, 0x04, 0x00, 0x01, 0x04, 0x03, 0x01,
    0x00, 0x00, 0x00, 0x00, 0xE8, 0x03, 0x00, 0x00, 0x64, 0x00, 0x00, 0x00,
    0x13, 0x01, 0x02, 0x00, 0x2D, 0x00, 0x2D, 0x00, 0x17, 0x00, 0x05, 0x00,
    0x01, 0x04, 0x03, 0x01, 0x00, 0x00, 0x00, 0x00, 0xE8, 0x03, 0x00, 0x00,
    0x14, 0x00, 0x00, 0x00, 0x14, 0x01, 0x02, 0x00, 0x2E, 0x00, 0x2E, 0x00,
    0x03, 0x00, 0x00, 0x00, 0x01, 0x04, 0x03, 0x01, 0x00, 0x00, 0x00, 0x00,
    0xE8, 0x03, 0x00, 0x00, 0x90, 0x01, 0x00, 0x00, 0x15, 0x01, 0x02, 0x00,
    0x2E, 0x00, 0x2E, 0x00, 0x15, 0x00, 0x01, 0x00, 0x01, 0x04, 0x03, 0x01,
    0x00, 0x00, 0x00, 0x00, 0xE8, 0x03, 0x00, 0x00, 0x5E, 0x01, 0x00, 0x00,
    0x16, 0x01, 0x02, 0x00, 0x2E, 0x00, 0x2E, 0x00, 0x16, 0x00, 0x02, 0x00,
    0x01, 0x04, 0x03, 0x01, 0x00, 0x00, 0x00, 0x00, 0xE8, 0x03, 0x00, 0x00,
    0x5E, 0x01, 0x00, 0x00, 0x17, 0x01, 0x02, 0x00, 0x2E, 0x00, 0x2E, 0x00,
    0x04, 0x00, 0x03, 0x00, 0x01, 0x04, 0x03, 0x01, 0x00, 0x00, 0x00, 0x00,
    0xE8, 0x03, 0x00, 0x00, 0x64, 0x00, 0x00, 0x00, 0x18, 0x01, 0x02, 0x00,
    0x2E, 0x00, 0x2E, 0x00, 0x14, 0x00, 0x04, 0x00, 0x01, 0x04, 0x03, 0x01,
    0x00, 0x00, 0x00, 0x00, 0xE8, 0x03, 0x00, 0x00, 0x64, 0x00, 0x00, 0x00,
    0x19, 0x01, 0x02, 0x00, 0x2E, 0x00, 0x2E, 0x00, 0x17, 0x00, 0x05, 0x00,
    0x01, 0x04, 0x03, 0x01, 0x00, 0x00, 0x00, 0x00, 0xE8, 0x03, 0x00, 0x00,
    0x14, 0x00, 0x00, 0x00, 0x1A, 0x01, 0x02, 0x00, 0x2F, 0x00, 0x2F, 0x00,
    0x03, 0x00, 0x00, 0x00, 0x01, 0x04, 0x03, 0x01, 0x00, 0x00, 0x00, 0x00,
    0xE8, 0x03, 0x00, 0x00, 0x90, 0x01, 0x00, 0x00, 0x1B, 0x01, 0x02, 0x00,
    0x2F, 0x00, 0x2F, 0x00, 0x15, 0x00, 0x01, 0x00, 0x01, 0x04, 0x03, 0x01,
    0x00, 0x00, 0x00, 0x00, 0xE8, 0x03, 0x00, 0x00, 0x5E, 0x01, 0x00, 0x00,
    0x1C, 0x01, 0x02, 0x00, 0x2F, 0x00, 0x2F, 0x00, 0x16, 0x00, 0x02, 0x00,
    0x01, 0x04, 0x03, 0x01, 0x00, 0x00, 0x00, 0x00, 0xE8, 0x03, 0x00, 0x00,
    0x5E, 0x01, 0x00, 0x00, 0x1D, 0x01, 0x02, 0x00, 0x2F, 0x00, 0x2F, 0x00,
    0x04, 0x00, 0x03, 0x00, 0x01, 0x04, 0x03, 0x01, 0x00, 0x00, 0x00, 0x00,
    0xE8, 0x03, 0x00, 0x00, 0x64, 0x00, 0x00, 0x00, 0x1E, 0x01, 0x02, 0x00,
    0x2F, 0x00, 0x2F, 0x00, 0x14, 0x00, 0x04, 0x00, 0x01, 0x04, 0x03, 0x01,
    0x00, 0x00, 0x00, 0x00, 0xE8, 0x03, 0x00, 0x00, 0x64, 0x00, 0x00, 0x00,
    0x1F, 0x01, 0x02, 0x00, 0x2F, 0x00, 0x2F, 0x00, 0x17, 0x00, 0x05, 0x00,
    0x01, 0x04, 0x03, 0x01, 0x00, 0x00, 0x00, 0x00, 0xE8, 0x03, 0x00, 0x00,
    0x14, 0x00, 0x00, 0x00, 0x20, 0x01, 0x02, 0x00, 0x30, 0x00, 0x30, 0x00,
    0x03, 0x00, 0x00, 0x00, 0x01, 0x04, 0x03, 0x01, 0x00, 0x00, 0x00, 0x00,
    0xE8, 0x03, 0x00, 0x00, 0x90, 0x01, 0x00, 0x00, 0x21, 0x01, 0x02, 0x00,
    0x30, 0x00, 0x30, 0x00, 0x15, 0x00, 0x01, 0x00, 0x01, 0x04, 0x03, 0x01,
    0x00, 0x00, 0x00, 0x00, 0xE8, 0x03, 0x00, 0x00, 0x5E, 0x01, 0x00, 0x00,
    0x22, 0x01, 0x02, 0x00, 0x30, 0x00, 0x30, 0x00, 0x16, 0x00, 0x02, 0x00,
    0x01, 0x04, 0x03, 0x01, 0x00, 0x00, 0x00, 0x00, 0xE8, 0x03, 0x00, 0x00,
    0x5E, 0x01, 0x00, 0x00, 0x23, 0x01, 0x02, 0x00, 0x30, 0x00, 0x30, 0x00,
    0x04, 0x00, 0x03, 0x00, 0x01, 0x04, 0x03, 0x01, 0x00, 0x00, 0x00, 0x00,
    0xE8, 0x03, 0x00, 0x00, 0x64, 0x00, 0x00, 0x00, 0x24, 0x01, 0x02, 0x00,
    0x30, 0x00, 0x30, 0x00, 0x14, 0x00, 0x04, 0x00, 0x01, 0x04, 0x03, 0x01,
    0x00, 0x00, 0x00, 0x00, 0xE8, 0x03, 0x00, 0x00, 0x64, 0x00, 0x00, 0x00,
    0x25, 0x01, 0x02, 0x00, 0x30, 0x00, 0x30, 0x00, 0x17, 0x00, 0x05, 0x00,
    0x01, 0x04, 0x03, 0x01, 0x00, 0x00, 0x00, 0x00, 0xE8, 0x03, 0x00, 0x00,
    0x14, 0x00, 0x00, 0x00, 0x26, 0x01, 0x02, 0x00, 0x31, 0x00, 0x31, 0x00,
    0x03, 0x00, 0x00, 0x00, 0x01, 0x04, 0x03, 0x01, 0x00, 0x00, 0x00, 0x00,
    0xE8, 0x03, 0x00, 0x00, 0x90, 0x01, 0x00, 0x00, 0x27, 0x01, 0x02, 0x00,
    0x31, 0x00, 0x31, 0x00, 0x15, 0x00, 0x01, 0x00, 0x01, 0x04, 0x03, 0x01,
    0x00, 0x00, 0x00, 0x00, 0xE8, 0x03, 0x00, 0x00, 0x5E, 0x01, 0x00, 0x00,
    0x28, 0x01, 0x02, 0x00, 0x31, 0x00, 0x31, 0x00, 0x16, 0x00, 0x02, 0x00,
    0x01, 0x04, 0x03, 0x01, 0x00, 0x00, 0x00, 0x00, 0xE8, 0x03, 0x00, 0x00,
    0x5E, 0x01, 0x00, 0x00, 0x29, 0x01, 0x02, 0x00, 0x31, 0x00, 0x31, 0x00,
    0x04, 0x00, 0x03, 0x00, 0x01, 0x04, 0x03, 0x01, 0x00, 0x00, 0x00, 0x00,
    0xE8, 0x03, 0x00, 0x00, 0x64, 0x00, 0x00, 0x00, 0x2A, 0x01, 0x02, 0x00,
    0x31, 0x00, 0x31, 0x00, 0x14, 0x00, 0x04, 0x00, 0x01, 0x04, 0x03, 0x01,
    0x00, 0x00, 0x00, 0x00, 0xE8, 0x03, 0x00, 0x00, 0x64, 0x00, 0x00, 0x00,
    0x2B, 0x01, 0x02, 0x00, 0x31, 0x00, 0x31, 0x00, 0x17, 0x00, 0x05, 0x00,
    0x01, 0x04, 0x03, 0x01, 0x00, 0x00, 0x00, 0x00, 0xE8, 0x03, 0x00, 0x00,
    0x14, 0x00, 0x00, 0x00, 0x2C, 0x01, 0x02, 0x00, 0x32, 0x00, 0x32, 0x00,
    0x03, 0x00, 0x00, 0x00, 0x01, 0x04, 0x03, 0x01, 0x00, 0x00, 0x00, 0x00,
    0xE8, 0x03, 0x00, 0x00, 0x90, 0x01, 0x00, 0x00, 0x2D, 0x01, 0x02, 0x00,
    0x32, 0x00, 0x32, 0x00, 0x15, 0x00, 0x01, 0x00, 0x01, 0x04, 0x03, 0x01,
    0x00, 0x00, 0x00, 0x00, 0xE8, 0x03, 0x00, 0x00, 0x5E, 0x01, 0x00, 0x00,
    0x2E, 0x01, 0x02, 0x00, 0x32, 0x00, 0x32, 0x00, 0x16, 0x00, 0x02, 0x00,
    0x01, 0x04, 0x03, 0x01, 0x00, 0x00, 0x00, 0x00, 0xE8, 0x03, 0x00, 0x00,
    0x5E, 0x01, 0x00, 0x00, 0x2F, 0x01, 0x02, 0x00, 0x32, 0x00, 0x32, 0x00,
    0x04, 0x00, 0x03, 0x00, 0x01, 0x04, 0x03, 0x01, 0x00, 0x00, 0x00, 0x00,
    0xE8, 0x03, 0x00, 0x00, 0x64, 0x00, 0x00, 0x00, 0x30, 0x01, 0x02, 0x00,
    0x32, 0x00, 0x32, 0x00, 0x14, 0x00, 0x04, 0x00, 0x01, 0x04, 0x03, 0x01,
    0x00, 0x00, 0x00, 0x00, 0xE8, 0x03, 0x00, 0x00, 0x64, 0x00, 0x00, 0x00,
    0x31, 0x01, 0x02, 0x00, 0x32, 0x00, 0x32, 0x00, 0x17, 0x00, 0x05, 0x00,
    0x01, 0x04, 0x03, 0x01, 0x00, 0x00, 0x00, 0x00, 0xE8, 0x03, 0x00, 0x00,
    0x14, 0x00, 0x00, 0x00, 0x32, 0x01, 0x02, 0x00, 0x33, 0x00, 0x33, 0x00,
    0x03, 0x00, 0x00, 0x00, 0x01, 0x04, 0x03, 0x01, 0x00, 0x00, 0x00, 0x00,
    0xE8, 0x03, 0x00, 0x00, 0x90, 0x01, 0x00, 0x00, 0x33, 0x01, 0x02, 0x00,
    0x33, 0x00, 0x33, 0x00, 0x15, 0x00, 0x01, 0x00, 0x01, 0x04, 0x03, 0x01,
    0x00, 0x00, 0x00, 0x00, 0xE8, 0x03, 0x00, 0x00, 0x5E, 0x01, 0x00, 0x00,
    0x34, 0x01, 0x02, 0x00, 0x33, 0x00, 0x33, 0x00, 0x16, 0x00, 0x02, 0x00,
    0x01, 0x04, 0x03, 0x01, 0x00, 0x00, 0x00, 0x00, 0xE8, 0x03, 0x00, 0x00,
    0x5E, 0x01, 0x00, 0x00, 0x35, 0x01, 0x02, 0x00, 0x33, 0x00, 0x33, 0x00,
    0x04, 0x00, 0x03, 0x00, 0x01, 0x04, 0x03, 0x01, 0x00, 0x00, 0x00, 0x00,
    0xE8, 0x03, 0x00, 0x00, 0x64, 0x00, 0x00, 0x00, 0x36, 0x01, 0x02, 0x00,
    0x33, 0x00, 0x33, 0x00, 0x14, 0x00, 0x04, 0x00, 0x01, 0x04, 0x03, 0x01,
    0x00, 0x00, 0x00, 0x00, 0xE8, 0x03, 0x00, 0x00, 0x64, 0x00, 0x00, 0x00,
    0x37, 0x01, 0x02, 0x00, 0x33, 0x00, 0x33, 0x00, 0x17, 0x00, 0x05, 0x00,
    0x01, 0x04, 0x03, 0x01, 0x00, 0x00, 0x00, 0x00, 0xE8, 0x03, 0x00, 0x00,
    0x14, 0x00, 0x00, 0x00, 0x38, 0x01, 0x02, 0x00, 0x34, 0x00, 0x34, 0x00,
    0x03, 0x00, 0x00, 0x00, 0x01, 0x04, 0x03, 0x01, 0x00, 0x00, 0x00, 0x00,
    0xE8, 0x03, 0x00, 0x00, 0x90, 0x01, 0x00, 0x00, 0x39, 0x01, 0x02, 0x00,
    0x34, 0x00, 0x34, 0x00, 0x15, 0x00, 0x01, 0x00, 0x01, 0x04, 0x03, 0x01,
    0x00, 0x00, 0x00, 0x00, 0xE8, 0x03, 0x00, 0x00, 0x5E, 0x01, 0x00, 0x00,
    0x3A, 0x01, 0x02, 0x00, 0x34, 0x00, 0x34, 0x00, 0x16, 0x00, 0x02, 0x00,
    0x01, 0x04, 0x03, 0x01, 0x00, 0x00, 0x00, 0x00, 0xE8, 0x03, 0x00, 0x00,
    0x5E, 0x01, 0x00, 0x00, 0x3B, 0x01, 0x02, 0x00, 0x34, 0x00, 0x34, 0x00,
    0x04, 0x00, 0x03, 0x00, 0x01, 0x04, 0x03, 0x01, 0x00, 0x00, 0x00, 0x00,
    0xE8, 0x03, 0x00, 0x00, 0x64, 0x00, 0x00, 0x00, 0x3C, 0x01, 0x02, 0x00,
    0x34, 0x00, 0x34, 0x00, 0x14, 0x00, 0x04, 0x00, 0x01, 0x04, 0x03, 0x01,
    0x00, 0x00, 0x00, 0x00, 0xE8, 0x03, 0x00, 0x00, 0x64, 0x00, 0x00, 0x00,
    0x3D, 0x01, 0x02, 0x00, 0x34, 0x00, 0x34, 0x00, 0x17, 0x00, 0x05, 0x00,
    0x01, 0x04, 0x03, 0x01, 0x00, 0x00, 0x00, 0x00, 0xE8, 0x03, 0x00, 0x00,
    0x14, 0x00, 0x00, 0x00, 0x3E, 0x01, 0x02, 0x00, 0x35, 0x00, 0x35, 0x00,
    0x03, 0x00, 0x00, 0x00, 0x01, 0x04, 0x03, 0x01, 0x00, 0x00, 0x00, 0x00,
    0xE8, 0x03, 0x00, 0x00, 0x90, 0x01, 0x00, 0x00, 0x3F, 0x01, 0x02, 0x00,
    0x35, 0x00, 0x35, 0x00, 0x15, 0x00, 0x01, 0x00, 0x01, 0x04, 0x03, 0x01,
    0x00, 0x00, 0x00, 0x00, 0xE8, 0x03, 0x00, 0x00, 0x5E, 0x01, 0x00, 0x00,
    0x40, 0x01, 0x02, 0x00, 0x35, 0x00, 0x35, 0x00, 0x16, 0x00, 0x02, 0x00,
    0x01, 0x04, 0x03, 0x01, 0x00, 0x00, 0x00, 0x00, 0xE8, 0x03, 0x00, 0x00,
    0x5E, 0x01, 0x00, 0x00, 0x41, 0x01, 0x02, 0x00, 0x35, 0x00, 0x35, 0x00,
    0x04, 0x00, 0x03, 0x00, 0x01, 0x04, 0x03, 0x01, 0x00, 0x00, 0x00, 0x00,
    0xE8, 0x03, 0x00, 0x00, 0x64, 0x00, 0x00, 0x00, 0x42, 0x01, 0x02, 0x00,
    0x35, 0x00, 0x35, 0x00, 0x14, 0x00, 0x04, 0x00, 0x01, 0x04, 0x03, 0x01,
    0x00, 0x00, 0x00, 0x00, 0xE8, 0x03, 0x00, 0x00, 0x64, 0x00, 0x00, 0x00,
    0x43, 0x01, 0x02, 0x00, 0x35, 0x00, 0x35, 0x00, 0x17, 0x00, 0x05, 0x00,
    0x01, 0x04, 0x03, 0x01, 0x00, 0x00, 0x00, 0x00, 0xE8, 0x03, 0x00, 0x00,
    0x14, 0x00, 0x00, 0x00, 0x44, 0x01, 0x02, 0x00, 0x36, 0x00, 0x36, 0x00,
    0x03, 0x00, 0x00, 0x00, 0x01, 0x04, 0x03, 0x01, 0x00, 0x00, 0x00, 0x00,
    0xE8, 0x03, 0x00, 0x00, 0x90, 0x01, 0x00, 0x00, 0x45, 0x01, 0x02, 0x00,
    0x36, 0x00, 0x36, 0x00, 0x15, 0x00, 0x01, 0x00, 0x01, 0x04, 0x03, 0x01,
    0x00, 0x00, 0x00, 0x00, 0xE8, 0x03, 0x00, 0x00, 0x5E, 0x01, 0x00, 0x00,
    0x46, 0x01, 0x02, 0x00, 0x36, 0x00, 0x36, 0x00, 0x16, 0x00, 0x02, 0x00,
    0x01, 0x04, 0x03, 0x01, 0x00, 0x00, 0x00, 0x00, 0xE8, 0x03, 0x00, 0x00,
    0x5E, 0x01, 0x00, 0x00, 0x47, 0x01, 0x02, 0x00, 0x36, 0x00, 0x36, 0x00,
    0x04, 0x00, 0x03, 0x00, 0x01, 0x04, 0x03, 0x01, 0x00, 0x00, 0x00, 0x00,
    0xE8, 0x03, 0x00, 0x00, 0x64, 0x00, 0x00, 0x00, 0x48, 0x01, 0x02, 0x00,
    0x36, 0x00, 0x36, 0x00, 0x14, 0x00, 0x04, 0x00, 0x01, 0x04, 0x03, 0x01,
    0x00, 0x00, 0x00, 0x00, 0xE8, 0x03, 0x00, 0x00, 0x64, 0x00, 0x00, 0x00,
    0x49, 0x01, 0x02, 0x00, 0x36, 0x00, 0x36, 0x00, 0x17, 0x00, 0x05, 0x00,
    0x01, 0x04, 0x03, 0x01, 0x00, 0x00, 0x00, 0x00, 0xE8, 0x03, 0x00, 0x00,
    0x14, 0x00, 0x00, 0x00, 0x4A, 0x01, 0x02, 0x00, 0x37, 0x00, 0x37, 0x00,
    0x03, 0x00, 0x00, 0x00, 0x01, 0x04, 0x03, 0x01, 0x00, 0x00, 0x00, 0x00,
    0xE8, 0x03, 0x00, 0x00, 0x90, 0x01, 0x00, 0x00, 0x4B, 0x01, 0x02, 0x00,
    0x37, 0x00, 0x37, 0x00, 0x15, 0x00, 0x01, 0x00, 0x01, 0x04, 0x03, 0x01,
    0x00, 0x00, 0x00, 0x00, 0xE8, 0x03, 0x00, 0x00, 0x5E, 0x01, 0x00, 0x00,
    0x4C, 0x01, 0x02, 0x00, 0x37, 0x00, 0x37, 0x00, 0x16, 0x00, 0x02, 0x00,
    0x01, 0x04, 0x03, 0x01, 0x00, 0x00, 0x00, 0x00, 0xE8, 0x03, 0x00, 0x00,
    0x5E, 0x01, 0x00, 0x00, 0x4D, 0x01, 0x02, 0x00, 0x37, 0x00, 0x37, 0x00,
    0x04, 0x00, 0x03, 0x00, 0x01, 0x04, 0x03, 0x01, 0x00, 0x00, 0x00, 0x00,
    0xE8, 0x03, 0x00, 0x00, 0x64, 0x00, 0x00, 0x00, 0x4E, 0x01, 0x02, 0x00,
    0x37, 0x00, 0x37, 0x00, 0x14, 0x00, 0x04, 0x00, 0x01, 0x04, 0x03, 0x01,
    0x00, 0x00, 0x00, 0x00, 0xE8, 0x03, 0x00, 0x00, 0x64, 0x00, 0x00, 0x00,
    0x4F, 0x01, 0x02, 0x00, 0x37, 0x00, 0x37, 0x00, 0x17, 0x00, 0x05, 0x00,
    0x01, 0x04, 0x03, 0x01, 0x00, 0x00, 0x00, 0x00, 0xE8, 0x03, 0x00, 0x00,
    0x14, 0x00, 0x00, 0x00, 0x50, 0x01, 0x02, 0x00, 0x38, 0x00, 0x38, 0x00,
    0x03, 0x00, 0x00, 0x00, 0x01, 0x04, 0x03, 0x01, 0x00, 0x00, 0x00, 0x00,
    0xE8, 0x03, 0x00, 0x00, 0x90, 0x01, 0x00, 0x00, 0x51, 0x01, 0x02, 0x00,
    0x38, 0x00, 0x38, 0x00, 0x15, 0x00, 0x01, 0x00, 0x01, 0x04, 0x03, 0x01,
    0x00, 0x00, 0x00, 0x00, 0xE8, 0x03, 0x00, 0x00, 0x5E, 0x01, 0x00, 0x00,
    0x52, 0x01, 0x02, 0x00, 0x38, 0x00, 0x38, 0x00, 0x16, 0x00, 0x02, 0x00,
    0x01, 0x04, 0x03, 0x01, 0x00, 0x00, 0x00, 0x00, 0xE8, 0x03, 0x00, 0x00,
    0x5E, 0x01, 0x00, 0x00, 0x53, 0x01, 0x02, 0x00, 0x38, 0x00, 0x38, 0x00,
    0x04, 0x00, 0x03, 0x00, 0x01, 0x04, 0x03, 0x01, 0x00, 0x00, 0x00, 0x00,
    0xE8, 0x03, 0x00, 0x00, 0x64, 0x00, 0x00, 0x00, 0x54, 0x01, 0x02, 0x00,
    0x38, 0x00, 0x38, 0x00, 0x14, 0x00, 0x04, 0x00, 0x01, 0x04, 0x03, 0x01,
    0x00, 0x00, 0x00, 0x00, 0xE8, 0x03, 0x00, 0x00, 0x64, 0x00, 0x00, 0x00,
    0x55, 0x01, 0x02, 0x00, 0x38, 0x00, 0x38, 0x00, 0x17, 0x00, 0x05, 0x00,
    0x01, 0x04, 0x03, 0x01, 0x00, 0x00, 0x00, 0x00, 0xE8, 0x03, 0x00, 0x00,
    0x14, 0x00, 0x00, 0x00, 0x56, 0x01, 0x02, 0x00, 0x39, 0x00, 0x39, 0x00,
    0x03, 0x00, 0x00, 0x00, 0x01, 0x04, 0x03, 0x01, 0x00, 0x00, 0x00, 0x00,
    0xE8, 0x03, 0x00, 0x00, 0x90, 0x01, 0x00, 0x00, 0x57, 0x01, 0x02, 0x00,
    0x39, 0x00, 0x39, 0x00, 0x15, 0x00, 0x01, 0x00, 0x01, 0x04, 0x03, 0x01,
    0x00, 0x00, 0x00, 0x00, 0xE8, 0x03, 0x00, 0x00, 0x5E, 0x01, 0x00, 0x00,
    0x58, 0x01, 0x02, 0x00, 0x39, 0x00, 0x39, 0x00, 0x16, 0x00, 0x02, 0x00,
    0x01, 0x04, 0x03, 0x01, 0x00, 0x00, 0x00, 0x00, 0xE8, 0x03, 0x00, 0x00,
    0x5E, 0x01, 0x00, 0x00, 0x59, 0x01, 0x02, 0x00, 0x39, 0x00, 0x39, 0x00,
    0x04, 0x00, 0x03, 0x00, 0x01, 0x04, 0x03, 0x01, 0x00, 0x00, 0x00, 0x00,
    0xE8, 0x03, 0x00, 0x00, 0x64, 0x00, 0x00, 0x00, 0x5A, 0x01, 0x02, 0x00,
    0x39, 0x00, 0x39, 0x00, 0x14, 0x00, 0x04, 0x00, 0x01, 0x04, 0x03, 0x01,
    0x00, 0x00, 0x00, 0x00, 0xE8, 0x03, 0x00, 0x00, 0x64, 0x00, 0x00, 0x00,
    0x5B, 0x01, 0x02, 0x00, 0x39, 0x00, 0x39, 0x00, 0x17, 0x00, 0x05, 0x00,
    0x01, 0x04, 0x03, 0x01, 0x00, 0x00, 0x00, 0x00, 0xE8, 0x03, 0x00, 0x00,
    0x14, 0x00, 0x00, 0x00, 0x5C, 0x01, 0x02, 0x00, 0x3A, 0x00, 0x3A, 0x00,
    0x03, 0x00, 0x00, 0x00, 0x01, 0x04, 0x03, 0x01, 0x00, 0x00, 0x00, 0x00,
    0xE8, 0x03, 0x00, 0x00, 0x90, 0x01, 0x00, 0x00, 0x5D, 0x01, 0x02, 0x00,
    0x3A, 0x00, 0x3A, 0x00, 0x15, 0x00, 0x01, 0x00, 0x01, 0x04, 0x03, 0x01,
    0x00, 0x00, 0x00, 0x00, 0xE8, 0x03, 0x00, 0x00, 0x5E, 0x01, 0x00, 0x00,
    0x5E, 0x01, 0x02, 0x00, 0x3A, 0x00, 0x3A, 0x00, 0x16, 0x00, 0x02, 0x00,
    0x01, 0x04, 0x03, 0x01, 0x00, 0x00, 0x00, 0x00, 0xE8, 0x03, 0x00, 0x00,
    0x5E, 0x01, 0x00, 0x00, 0x5F, 0x01, 0x02, 0x00, 0x3A, 0x00, 0x3A, 0x00,
    0x04, 0x00, 0x03, 0x00, 0x01, 0x04, 0x03, 0x01, 0x00, 0x00, 0x00, 0x00,
    0xE8, 0x03, 0x00, 0x00, 0x64, 0x00, 0x00, 0x00, 0x60, 0x01, 0x02, 0x00,
    0x3A, 0x00, 0x3A, 0x00, 0x14, 0x00, 0x04, 0x00, 0x01, 0x04, 0x03, 0x01,
    0x00, 0x00, 0x00, 0x00, 0xE8, 0x03, 0x00, 0x00, 0x64, 0x00, 0x00, 0x00,
    0x61, 0x01, 0x02, 0x00, 0x3A, 0x00, 0x3A, 0x00, 0x17, 0x00, 0x05, 0x00,
    0x01, 0x04, 0x03, 0x01, 0x00, 0x00, 0x00, 0x00, 0xE8, 0x03, 0x00, 0x00,
    0x14, 0x00, 0x00, 0x00, 0x62, 0x01, 0x02, 0x00, 0x3B, 0x00, 0x3B, 0x00,
    0x03, 0x00, 0x00, 0x00, 0x01, 0x04, 0x03, 0x01, 0x00, 0x00, 0x00, 0x00,
    0xE8, 0x03, 0x00, 0x00, 0x90, 0x01, 0x00, 0x00, 0x63, 0x01, 0x02, 0x00,
    0x3B, 0x00, 0x3B, 0x00, 0x15, 0x00, 0x01, 0x00, 0x01, 0x04, 0x03, 0x01,
    0x00, 0x00, 0x00, 0x00, 0xE8, 0x03, 0x00, 0x00, 0x5E, 0x01, 0x00, 0x00,
    0x64, 0x01, 0x02, 0x00, 0x3B, 0x00, 0x3B, 0x00, 0x16, 0x00, 0x02, 0x00,
    0x01, 0x04, 0x03, 0x01, 0x00, 0x00, 0x00, 0x00, 0xE8, 0x03, 0x00, 0x00,
    0x5E, 0x01, 0x00, 0x00, 0x65, 0x01, 0x02, 0x00, 0x3B, 0x00, 0x3B, 0x00,
    0x04, 0x00, 0x03, 0x00, 0x01, 0x04, 0x03, 0x01, 0x00, 0x00, 0x00, 0x00,
    0xE8, 0x03, 0x00, 0x00, 0x64, 0x00, 0x00, 0x00, 0x66, 0x01, 0x02, 0x00,
    0x3B, 0x00, 0x3B, 0x00, 0x14, 0x00, 0x04, 0x00, 0x01, 0x04, 0x03, 0x01,
    0x00, 0x00, 0x00, 0x00, 0xE8, 0x03, 0x00, 0x00, 0x64, 0x00, 0x00, 0x00,
    0x67, 0x01, 0x02, 0x00, 0x3B, 0x00, 0x3B, 0x00, 0x17, 0x00, 0x05, 0x00,
    0x01, 0x04, 0x03, 0x01, 0x00, 0x00, 0x00, 0x00, 0xE8, 0x03, 0x00, 0x00,
    0x14, 0x00, 0x00, 0x00, 0x68, 0x01, 0x02, 0x00, 0x3C, 0x00, 0x3C, 0x00,
    0x03, 0x00, 0x00, 0x00, 0x01, 0x04, 0x03, 0x01, 0x00, 0x00, 0x00, 0x00,
    0xE8, 0x03, 0x00, 0x00, 0x90, 0x01, 0x00, 0x00, 0x69, 0x01, 0x02, 0x00,
    0x3C, 0x00, 0x3C, 0x00, 0x15, 0x00, 0x01, 0x00, 0x01, 0x04, 0x03, 0x01,
    0x00, 0x00, 0x00, 0x00, 0xE8, 0x03, 0x00, 0x00, 0x5E, 0x01, 0x00, 0x00,
    0x6A, 0x01, 0x02, 0x00, 0x3C, 0x00, 0x3C, 0x00, 0x16, 0x00, 0x02, 0x00,
    0x01, 0x04, 0x03, 0x01, 0x00, 0x00, 0x00, 0x00, 0xE8, 0x03, 0x00, 0x00,
    0x5E, 0x01, 0x00, 0x00, 0x6B, 0x01, 0x02, 0x00, 0x3C, 0x00, 0x3C, 0x00,
    0x04, 0x00, 0x03, 0x00, 0x01, 0x04, 0x03, 0x01, 0x00, 0x00, 0x00, 0x00,
    0xE8, 0x03, 0x00, 0x00, 0x64, 0x00, 0x00, 0x00, 0x6C, 0x01, 0x02, 0x00,
    0x3C, 0x00, 0x3C, 0x00, 0x14, 0x00, 0x04, 0x00, 0x01, 0x04, 0x03, 0x01,
    0x00, 0x00, 0x00, 0x00, 0xE8, 0x03, 0x00, 0x00, 0x64, 0x00, 0x00, 0x00,
    0x6D, 0x01, 0x02, 0x00, 0x3C, 0x00, 0x3C, 0x00, 0x17, 0x00, 0x05, 0x00,
    0x01, 0x04, 0x03, 0x01, 0x00, 0x00, 0x00, 0x00, 0xE8, 0x03, 0x00, 0x00,
    0x14, 0x00, 0x00, 0x00, 0x6E, 0x01, 0x02, 0x00, 0x3D, 0x00, 0x3D, 0x00,
    0x03, 0x00, 0x00, 0x00, 0x01, 0x04, 0x03, 0x01, 0x00, 0x00, 0x00, 0x00,
    0xE8, 0x03, 0x00, 0x00, 0x90, 0x01, 0x00, 0x00, 0x6F, 0x01, 0x02, 0x00,
    0x3D, 0x00, 0x3D, 0x00, 0x15, 0x00, 0x01, 0x00, 0x01, 0x04, 0x03, 0x01,
    0x00, 0x00, 0x00, 0x00, 0xE8, 0x03, 0x00, 0x00, 0x5E, 0x01, 0x00, 0x00,
    0x70, 0x01, 0x02, 0x00, 0x3D, 0x00, 0x3D, 0x00, 0x16, 0x00, 0x02, 0x00,
    0x01, 0x04, 0x03, 0x01, 0x00, 0x00, 0x00, 0x00, 0xE8, 0x03, 0x00, 0x00,
    0x5E, 0x01, 0x00, 0x00, 0x71, 0x01, 0x02, 0x00, 0x3D, 0x00, 0x3D, 0x00,
    0x04, 0x00, 0x03, 0x00, 0x01, 0x04, 0x03, 0x01, 0x00, 0x00, 0x00, 0x00,
    0xE8, 0x03, 0x00, 0x00, 0x64, 0x00, 0x00, 0x00, 0x72, 0x01, 0x02, 0x00,
    0x3D, 0x00, 0x3D, 0x00, 0x14, 0x00, 0x04, 0x00, 0x01, 0x04, 0x03, 0x01,
    0x00, 0x00, 0x00, 0x00, 0xE8, 0x03, 0x00, 0x00, 0x64, 0x00, 0x00, 0x00,
    0x73, 0x01, 0x02, 0x00, 0x3D, 0x00, 0x3D, 0x00, 0x17, 0x00, 0x05, 0x00,
    0x01, 0x04, 0x03, 0x01, 0x00, 0x00, 0x00, 0x00, 0xE8, 0x03, 0x00, 0x00,
    0x14, 0x00, 0x00, 0x00, 0x74, 0x01, 0x02, 0x00, 0x3E, 0x00, 0x3E, 0x00,
    0x03, 0x00, 0x00, 0x00, 0x01, 0x04, 0x03, 0x01, 0x00, 0x00, 0x00, 0x00,
    0xE8, 0x03, 0x00, 0x00, 0x90, 0x01, 0x00, 0x00, 0x75, 0x01, 0x02, 0x00,
    0x3E, 0x00, 0x3E, 0x00, 0x15, 0x00, 0x01, 0x00, 0x01, 0x04, 0x03, 0x01,
    0x00, 0x00, 0x00, 0x00, 0xE8, 0x03, 0x00, 0x00, 0x5E, 0x01, 0x00, 0x00,
    0x76, 0x01, 0x02, 0x00, 0x3E, 0x00, 0x3E, 0x00, 0x16, 0x00, 0x02, 0x00,
    0x01, 0x04, 0x03, 0x01, 0x00, 0x00, 0x00, 0x00, 0xE8, 0x03, 0x00, 0x00,
    0x5E, 0x01, 0x00, 0x00, 0x77, 0x01, 0x02, 0x00, 0x3E, 0x00, 0x3E, 0x00,
    0x04, 0x00, 0x03, 0x00, 0x01, 0x04, 0x03, 0x01, 0x00, 0x00, 0x00, 0x00,
    0xE8, 0x03, 0x00, 0x00, 0x64, 0x00, 0x00, 0x00, 0x78, 0x01, 0x02, 0x00,
    0x3E, 0x00, 0x3E, 0x00, 0x14, 0x00, 0x04, 0x00, 0x01, 0x04, 0x03, 0x01,
    0x00, 0x00, 0x00, 0x00, 0xE8, 0x03, 0x00, 0x00, 0x64, 0x00, 0x00, 0x00,
    0x79, 0x01, 0x02, 0x00, 0x3E, 0x00, 0x3E, 0x00, 0x17, 0x00, 0x05, 0x00,
    0x01, 0x04, 0x03, 0x01, 0x00, 0x00, 0x00, 0x00, 0xE8, 0x03, 0x00, 0x00,
    0x14, 0x00, 0x00, 0x00, 0x7A, 0x01, 0x02, 0x00, 0x3F, 0x00, 0x3F, 0x00,
    0x03, 0x00, 0x00, 0x00, 0x01, 0x04, 0x03, 0x01, 0x00, 0x00, 0x00, 0x00,
    0xE8, 0x03, 0x00, 0x00, 0x90, 0x01, 0x00, 0x00, 0x7B, 0x01, 0x02, 0x00,
    0x3F, 0x00, 0x3F, 0x00, 0x15, 0x00, 0x01, 0x00, 0x01, 0x04, 0x03, 0x01,
    0x00, 0x00, 0x00, 0x00, 0xE8, 0x03, 0x00, 0x00, 0x5E, 0x01, 0x00, 0x00,
    0x7C, 0x01, 0x02, 0x00, 0x3F, 0x00, 0x3F, 0x00, 0x16, 0x00, 0x02, 0x00,
    0x01, 0x04, 0x03, 0x01, 0x00, 0x00, 0x00, 0x00, 0xE8, 0x03, 0x00, 0x00,
    0x5E, 0x01, 0x00, 0x00, 0x7D, 0x01, 0x02, 0x00, 0x3F, 0x00, 0x3F, 0x00,
    0x04, 0x00, 0x03, 0x00, 0x01, 0x04, 0x03, 0x01, 0x00, 0x00, 0x00, 0x00,
    0xE8, 0x03, 0x00, 0x00, 0x64, 0x00, 0x00, 0x00, 0x7E, 0x01, 0x02, 0x00,
    0x3F, 0x00, 0x3F, 0x00, 0x14, 0x00, 0x04, 0x00, 0x01, 0x04, 0x03, 0x01,
    0x00, 0x00, 0x00, 0x00, 0xE8, 0x03, 0x00, 0x00, 0x64, 0x00, 0x00, 0x00,
    0x7F, 0x01, 0x02, 0x00, 0x3F, 0x00, 0x3F, 0x00, 0x17, 0x00, 0x05, 0x00,
    0x01, 0x04, 0x03, 0x01, 0x00, 0x00, 0x00, 0x00, 0xE8, 0x03, 0x00, 0x00,
    0x14, 0x00, 0x00, 0x00, 0x80, 0x01, 0x02, 0x00, 0x40, 0x00, 0x40, 0x00,
    0x03, 0x00, 0x00, 0x00, 0x01, 0x04, 0x03, 0x01, 0x00, 0x00, 0x00, 0x00,
    0xE8, 0x03, 0x00, 0x00, 0x90, 0x01, 0x00, 0x00, 0x81, 0x01, 0x02, 0x00,
    0x40, 0x00, 0x40, 0x00, 0x15, 0x00, 0x01, 0x00, 0x01, 0x04, 0x03, 0x01,
    0x00, 0x00, 0x00, 0x00, 0xE8, 0x03, 0x00, 0x00, 0x5E, 0x01, 0x00, 0x00,
    0x82, 0x01, 0x02, 0x00, 0x40, 0x00, 0x40, 0x00, 0x16, 0x00, 0x02, 0x00,
    0x01, 0x04, 0x03, 0x01, 0x00, 0x00, 0x00, 0x00, 0xE8, 0x03, 0x00, 0x00,
    0x5E, 0x01, 0x00, 0x00, 0x83, 0x01, 0x02, 0x00, 0x40, 0x00, 0x40, 0x00,
    0x04, 0x00, 0x03, 0x00, 0x01, 0x04, 0x03, 0x01, 0x00, 0x00, 0x00, 0x00,
    0xE8, 0x03, 0x00, 0x00, 0x64, 0x00, 0x00, 0x00, 0x84, 0x01, 0x02, 0x00,
    0x40, 0x00, 0x40, 0x00, 0x14, 0x00, 0x04, 0x00, 0x01, 0x04, 0x03, 0x01,
    0x00, 0x00, 0x00, 0x00, 0xE8, 0x03, 0x00, 0x00, 0x64, 0x00, 0x00, 0x00,
    0x85, 0x01, 0x02, 0x00, 0x40, 0x00, 0x40, 0x00, 0x17, 0x00, 0x05, 0x00,
    0x01, 0x04, 0x03, 0x01, 0x00, 0x00, 0x00, 0x00, 0xE8, 0x03, 0x00, 0x00,
    0x14, 0x00, 0x00, 0x00, 0x86, 0x01, 0x02, 0x00, 0x41, 0x00, 0x41, 0x00,
    0x03, 0x00, 0x00, 0x00, 0x01, 0x04, 0x03, 0x01, 0x00, 0x00, 0x00, 0x00,
    0xE8, 0x03, 0x00, 0x00, 0x90, 0x01, 0x00, 0x00, 0x87, 0x01, 0x02, 0x00,
    0x41, 0x00, 0x41, 0x00, 0x15, 0x00, 0x01, 0x00, 0x01, 0x04, 0x03, 0x01,
    0x00, 0x00, 0x00, 0x00, 0xE8, 0x03, 0x00, 0x00, 0x5E, 0x01, 0x00, 0x00,
    0x88, 0x01, 0x02, 0x00, 0x41, 0x00, 0x41, 0x00, 0x16, 0x00, 0x02, 0x00,
    0x01, 0x04, 0x03, 0x01, 0x00, 0x00, 0x00, 0x00, 0xE8, 0x03, 0x00, 0x00,
    0x5E, 0x01, 0x00, 0x00, 0x89, 0x01, 0x02, 0x00, 0x41, 0x00, 0x41, 0x00,
    0x04, 0x00, 0x03, 0x00, 0x01, 0x04, 0x03, 0x01, 0x00, 0x00, 0x00, 0x00,
    0xE8, 0x03, 0x00, 0x00, 0x64, 0x00, 0x00, 0x00, 0x8A, 0x01, 0x02, 0x00,
    0x41, 0x00, 0x41, 0x00, 0x14, 0x00, 0x04, 0x00, 0x01, 0x04, 0x03, 0x01,
    0x00, 0x00, 0x00, 0x00, 0xE8, 0x03, 0x00, 0x00, 0x64, 0x00, 0x00, 0x00,
    0x8B, 0x01, 0x02, 0x00, 0x41, 0x00, 0x41, 0x00, 0x17, 0x00, 0x05, 0x00,
    0x01, 0x04, 0x03, 0x01, 0x00, 0x00, 0x00, 0x00, 0xE8, 0x03, 0x00, 0x00,
    0x14, 0x00, 0x00, 0x00, 0x8C, 0x01, 0x02, 0x00, 0x42, 0x00, 0x42, 0x00,
    0x03, 0x00, 0x00, 0x00, 0x01, 0x04, 0x03, 0x01, 0x00, 0x00, 0x00, 0x00,
    0xE8, 0x03, 0x00, 0x00, 0x90, 0x01, 0x00, 0x00, 0x8D, 0x01, 0x02, 0x00,
    0x42, 0x00, 0x42, 0x00, 0x15, 0x00, 0x01, 0x00, 0x01, 0x04, 0x03, 0x01,
    0x00, 0x00, 0x00, 0x00, 0xE8, 0x03, 0x00, 0x00, 0x5E, 0x01, 0x00, 0x00,
    0x8E, 0x01, 0x02, 0x00, 0x42, 0x00, 0x42, 0x00, 0x16, 0x00, 0x02, 0x00,
    0x01, 0x04, 0x03, 0x01, 0x00, 0x00, 0x00, 0x00, 0xE8, 0x03, 0x00, 0x00,
    0x5E, 0x01, 0x00, 0x00, 0x8F, 0x01, 0x02, 0x00, 0x42, 0x00, 0x42, 0x00,
    0x04, 0x00, 0x03, 0x00, 0x01, 0x04, 0x03, 0x01, 0x00, 0x00, 0x00, 0x00,
    0xE8, 0x03, 0x00, 0x00, 0x64, 0x00, 0x00, 0x00, 0x90, 0x01, 0x02, 0x00,
    0x42, 0x00, 0x42, 0x00, 0x14, 0x00, 0x04, 0x00, 0x01, 0x04, 0x03, 0x01,
    0x00, 0x00, 0x00, 0x00, 0xE8, 0x03, 0x00, 0x00, 0x64, 0x00, 0x00, 0x00,
    0x91, 0x01, 0x02, 0x00, 0x42, 0x00, 0x42, 0x00, 0x17, 0x00, 0x05, 0x00,
    0x01, 0x04, 0x03, 0x01, 0x00, 0x00, 0x00, 0x00, 0xE8, 0x03, 0x00, 0x00,
    0x14, 0x00, 0x00, 0x00, 0x92, 0x01, 0x02, 0x00, 0x43, 0x00, 0x43, 0x00,
    0x03, 0x00, 0x00, 0x00, 0x01, 0x04, 0x03, 0x01, 0x00, 0x00, 0x00, 0x00,
    0xE8, 0x03, 0x00, 0x00, 0x90, 0x01, 0x00, 0x00, 0x93, 0x01, 0x02, 0x00,
    0x43, 0x00, 0x43, 0x00, 0x15, 0x00, 0x01, 0x00, 0x01, 0x04, 0x03, 0x01,
    0x00, 0x00, 0x00, 0x00, 0xE8, 0x03, 0x00, 0x00, 0x5E, 0x01, 0x00, 0x00,
    0x94, 0x01, 0x02, 0x00, 0x43, 0x00, 0x43, 0x00, 0x16, 0x00, 0x02, 0x00,
    0x01, 0x04, 0x03, 0x01, 0x00, 0x00, 0x00, 0x00, 0xE8, 0x03, 0x00, 0x00,
    0x5E, 0x01, 0x00, 0x00, 0x95, 0x01, 0x02, 0x00, 0x43, 0x00, 0x43, 0x00,
    0x04, 0x00, 0x03, 0x00, 0x01, 0x04, 0x03, 0x01, 0x00, 0x00, 0x00, 0x00,
    0xE8, 0x03, 0x00, 0x00, 0x64, 0x00, 0x00, 0x00, 0x96, 0x01, 0x02, 0x00,
    0x43, 0x00, 0x43, 0x00, 0x14, 0x00, 0x04, 0x00, 0x01, 0x04, 0x03, 0x01,
    0x00, 0x00, 0x00, 0x00, 0xE8, 0x03, 0x00, 0x00, 0x64, 0x00, 0x00, 0x00,
    0x97, 0x01, 0x02, 0x00, 0x43, 0x00, 0x43, 0x00, 0x17, 0x00, 0x05, 0x00,
    0x01, 0x04, 0x03, 0x01, 0x00, 0x00, 0x00, 0x00, 0xE8, 0x03, 0x00, 0x00,
    0x14, 0x00, 0x00, 0x00, 0x98, 0x01, 0x02, 0x00, 0x44, 0x00, 0x44, 0x00,
    0x03, 0x00, 0x00, 0x00, 0x01, 0x04, 0x03, 0x01, 0x00, 0x00, 0x00, 0x00,
    0xE8, 0x03, 0x00, 0x00, 0x90, 0x01, 0x00, 0x00, 0x99, 0x01, 0x02, 0x00,
    0x44, 0x00, 0x44, 0x00, 0x15, 0x00, 0x01, 0x00, 0x01, 0x04, 0x03, 0x01,
    0x00, 0x00, 0x00, 0x00, 0xE8, 0x03, 0x00, 0x00, 0x5E, 0x01, 0x00, 0x00,
    0x9A, 0x01, 0x02, 0x00, 0x44, 0x00, 0x44, 0x00, 0x16, 0x00, 0x02, 0x00,
    0x01, 0x04, 0x03, 0x01, 0x00, 0x00, 0x00, 0x00, 0xE8, 0x03, 0x00, 0x00,
    0x5E, 0x01, 0x00, 0x00, 0x9B, 0x01, 0x02, 0x00, 0x44, 0x00, 0x44, 0x00,
    0x04, 0x00, 0x03, 0x00, 0x01, 0x04, 0x03, 0x01, 0x00, 0x00, 0x00, 0x00,
    0xE8, 0x03, 0x00, 0x00, 0x64, 0x00, 0x00, 0x00, 0x9C, 0x01, 0x02, 0x00,
    0x44, 0x00, 0x44, 0x00, 0x14, 0x00, 0x04, 0x00, 0x01, 0x04, 0x03, 0x01,
    0x00, 0x00, 0x00, 0x00, 0xE8, 0x03, 0x00, 0x00, 0x64, 0x00, 0x00, 0x00,
    0x9D, 0x01, 0x02, 0x00, 0x44, 0x00, 0x44, 0x00, 0x17, 0x00, 0x05, 0x00,
    0x01, 0x04, 0x03, 0x01, 0x00, 0x00, 0x00, 0x00, 0xE8, 0x03, 0x00, 0x00,
    0x14, 0x00, 0x00, 0x00, 0x9E, 0x01, 0x02, 0x00, 0x45, 0x00, 0x45, 0x00,
    0x03, 0x00, 0x00, 0x00, 0x01, 0x04, 0x03, 0x01, 0x00, 0x00, 0x00, 0x00,
    0xE8, 0x03, 0x00, 0x00, 0x90, 0x01, 0x00, 0x00, 0x9F, 0x01, 0x02, 0x00,
    0x45, 0x00, 0x45, 0x00, 0x15, 0x00, 0x01, 0x00, 0x01, 0x04, 0x03, 0x01,
    0x00, 0x00, 0x00, 0x00, 0xE8, 0x03, 0x00, 0x00, 0x5E, 0x01, 0x00, 0x00,
    0xA0, 0x01, 0x02, 0x00, 0x45, 0x00, 0x45, 0x00, 0x16, 0x00, 0x02, 0x00,
    0x01, 0x04, 0x03, 0x01, 0x00, 0x00, 0x00, 0x00, 0xE8, 0x03, 0x00, 0x00,
    0x5E, 0x01, 0x00, 0x00, 0xA1, 0x01, 0x02, 0x00, 0x45, 0x00, 0x45, 0x00,
    0x04, 0x00, 0x03, 0x00, 0x01, 0x04, 0x03, 0x01, 0x00, 0x00, 0x00, 0x00,
    0xE8, 0x03, 0x00, 0x00, 0x64, 0x00, 0x00, 0x00, 0xA2, 0x01, 0x02, 0x00,
    0x45, 0x00, 0x45, 0x00, 0x14, 0x00, 0x04, 0x00, 0x01, 0x04, 0x03, 0x01,
    0x00, 0x00, 0x00, 0x00, 0xE8, 0x03, 0x00, 0x00, 0x64, 0x00, 0x00, 0x00,
    0xA3, 0x01, 0x02, 0x00, 0x45, 0x00, 0x45, 0x00, 0x17, 0x00, 0x05, 0x00,
    0x01, 0x04, 0x03, 0x01, 0x00, 0x00, 0x00, 0x00, 0xE8, 0x03, 0x00, 0x00,
    0x14, 0x00, 0x00, 0x00, 0xA4, 0x01, 0x02, 0x00, 0x46, 0x00, 0x46, 0x00,
    0x03, 0x00, 0x00, 0x00, 0x01, 0x04, 0x03, 0x01, 0x00, 0x00, 0x00, 0x00,
    0xE8, 0x03, 0x00, 0x00, 0x90, 0x01, 0x00, 0x00, 0xA5, 0x01, 0x02, 0x00,
    0x46, 0x00, 0x46, 0x00, 0x15, 0x00, 0x01, 0x00, 0x01, 0x04, 0x03, 0x01,
    0x00, 0x00, 0x00, 0x00, 0xE8, 0x03, 0x00, 0x00, 0x5E, 0x01, 0x00, 0x00,
    0xA6, 0x01, 0x02, 0x00, 0x46, 0x00, 0x46, 0x00, 0x16, 0x00, 0x02, 0x00,
    0x01, 0x04, 0x03, 0x01, 0x00, 0x00, 0x00, 0x00, 0xE8, 0x03, 0x00, 0x00,
    0x5E, 0x01, 0x00, 0x00, 0xA7, 0x01, 0x02, 0x00, 0x46, 0x00, 0x46, 0x00,
    0x04, 0x00, 0x03, 0x00, 0x01, 0x04, 0x03, 0x01, 0x00, 0x00, 0x00, 0x00,
    0xE8, 0x03, 0x00, 0x00, 0x64, 0x00, 0x00, 0x00, 0xA8, 0x01, 0x02, 0x00,
    0x46, 0x00, 0x46, 0x00, 0x14, 0x00, 0x04, 0x00, 0x01, 0x04, 0x03, 0x01,
    0x00, 0x00, 0x00, 0x00, 0xE8, 0x03, 0x00, 0x00, 0x64, 0x00, 0x00, 0x00,
    0xA9, 0x01, 0x02, 0x00, 0x46, 0x00, 0x46, 0x00, 0x17, 0x00, 0x05, 0x00,
    0x01, 0x04, 0x03, 0x01, 0x00, 0x00, 0x00, 0x00, 0xE8, 0x03, 0x00, 0x00,
    0x14, 0x00, 0x00, 0x00, 0xAA, 0x01, 0x02, 0x00, 0x47, 0x00, 0x47, 0x00,
    0x03, 0x00, 0x00, 0x00, 0x01, 0x04, 0x03, 0x01, 0x00, 0x00, 0x00, 0x00,
    0xE8, 0x03, 0x00, 0x00, 0x90, 0x01, 0x00, 0x00, 0xAB, 0x01, 0x02, 0x00,
    0x47, 0x00, 0x47, 0x00, 0x15, 0x00, 0x01, 0x00, 0x01, 0x04, 0x03, 0x01,
    0x00, 0x00, 0x00, 0x00, 0xE8, 0x03, 0x00, 0x00, 0x5E, 0x01, 0x00, 0x00,
    0xAC, 0x01, 0x02, 0x00, 0x47, 0x00, 0x47, 0x00, 0x16, 0x00, 0x02, 0x00,
    0x01, 0x04, 0x03, 0x01, 0x00, 0x00, 0x00, 0x00, 0xE8, 0x03, 0x00, 0x00,
    0x5E, 0x01, 0x00, 0x00, 0xAD, 0x01, 0x02, 0x00, 0x47, 0x00, 0x47, 0x00,
    0x04, 0x00, 0x03, 0x00, 0x01, 0x04, 0x03, 0x01, 0x00, 0x00, 0x00, 0x00,
    0xE8, 0x03, 0x00, 0x00, 0x64, 0x00, 0x00, 0x00, 0xAE, 0x01, 0x02, 0x00,
    0x47, 0x00, 0x47, 0x00, 0x14, 0x00, 0x04, 0x00, 0x01, 0x04, 0x03, 0x01,
    0x00, 0x00, 0x00, 0x00, 0xE8, 0x03, 0x00, 0x00, 0x64, 0x00, 0x00, 0x00,
    0xAF, 0x01, 0x02, 0x00, 0x47, 0x00, 0x47, 0x00, 0x17, 0x00, 0x05, 0x00,
    0x01, 0x04, 0x03, 0x01, 0x00, 0x00, 0x00, 0x00, 0xE8, 0x03, 0x00, 0x00,
    0x14, 0x00, 0x00, 0x00, 0xB0, 0x01, 0x02, 0x00, 0x48, 0x00, 0x48, 0x00,
    0x03, 0x00, 0x00, 0x00, 0x01, 0x04, 0x03, 0x01, 0x00, 0x00, 0x00, 0x00,
    0xE8, 0x03, 0x00, 0x00, 0x90, 0x01, 0x00, 0x00, 0xB1, 0x01, 0x02, 0x00,
    0x48, 0x00, 0x48, 0x00, 0x15, 0x00, 0x01, 0x00, 0x01, 0x04, 0x03, 0x01,
    0x00, 0x00, 0x00, 0x00, 0xE8, 0x03, 0x00, 0x00, 0x5E, 0x01, 0x00, 0x00,
    0xB2, 0x01, 0x02, 0x00, 0x48, 0x00, 0x48, 0x00, 0x16, 0x00, 0x02, 0x00,
    0x01, 0x04, 0x03, 0x01, 0x00, 0x00, 0x00, 0x00, 0xE8, 0x03, 0x00, 0x00,
    0x5E, 0x01, 0x00, 0x00, 0xB3, 0x01, 0x02, 0x00, 0x48, 0x00, 0x48, 0x00,
    0x04, 0x00, 0x03, 0x00, 0x01, 0x04, 0x03, 0x01, 0x00, 0x00, 0x00, 0x00,
    0xE8, 0x03, 0x00, 0x00, 0x64, 0x00, 0x00, 0x00, 0xB4, 0x01, 0x02, 0x00,
    0x48, 0x00, 0x48, 0x00, 0x14, 0x00, 0x04, 0x00, 0x01, 0x04, 0x03, 0x01,
    0x00, 0x00, 0x00, 0x00, 0xE8, 0x03, 0x00, 0x00, 0x64, 0x00, 0x00, 0x00,
    0xB5, 0x01, 0x02, 0x00, 0x48, 0x00, 0x48, 0x00, 0x17, 0x00, 0x05, 0x00,
    0x01, 0x04, 0x03, 0x01, 0x00, 0x00, 0x00, 0x00, 0xE8, 0x03, 0x00, 0x00,
    0x14, 0x00, 0x00, 0x00, 0xB6, 0x01, 0x02, 0x00, 0x49, 0x00, 0x49, 0x00,
    0x03, 0x00, 0x00, 0x00, 0x01, 0x04, 0x03, 0x01, 0x00, 0x00, 0x00, 0x00,
    0xE8, 0x03, 0x00, 0x00, 0x90, 0x01, 0x00, 0x00, 0xB7, 0x01, 0x02, 0x00,
    0x49, 0x00, 0x49, 0x00, 0x15, 0x00, 0x01, 0x00, 0x01, 0x04, 0x03, 0x01,
    0x00, 0x00, 0x00, 0x00, 0xE8, 0x03, 0x00, 0x00, 0x5E, 0x01, 0x00, 0x00,
    0xB8, 0x01, 0x02, 0x00, 0x49, 0x00, 0x49, 0x00, 0x16, 0x00, 0x02, 0x00,
    0x01, 0x04, 0x03, 0x01, 0x00, 0x00, 0x00, 0x00, 0xE8, 0x03, 0x00, 0x00,
    0x5E, 0x01, 0x00, 0x00, 0xB9, 0x01, 0x02, 0x00, 0x49, 0x00, 0x49, 0x00,
    0x04, 0x00, 0x03, 0x00, 0x01, 0x04, 0x03, 0x01, 0x00, 0x00, 0x00, 0x00,
    0xE8, 0x03, 0x00, 0x00, 0x64, 0x00, 0x00, 0x00, 0xBA, 0x01, 0x02, 0x00,
    0x49, 0x00, 0x49, 0x00, 0x14, 0x00, 0x04, 0x00, 0x01, 0x04, 0x03, 0x01,
    0x00, 0x00, 0x00, 0x00, 0xE8, 0x03, 0x00, 0x00, 0x64, 0x00, 0x00, 0x00,
    0xBB, 0x01, 0x02, 0x00, 0x49, 0x00, 0x49, 0x00, 0x17, 0x00, 0x05, 0x00,
    0x01, 0x04, 0x03, 0x01, 0x00, 0x00, 0x00, 0x00, 0xE8, 0x03, 0x00, 0x00,
    0x14, 0x00, 0x00, 0x00, 0xBC, 0x01, 0x02, 0x00, 0x4A, 0x00, 0x4A, 0x00,
    0x03, 0x00, 0x00, 0x00, 0x01, 0x04, 0x03, 0x01, 0x00, 0x00, 0x00, 0x00,
    0xE8, 0x03, 0x00, 0x00, 0x90, 0x01, 0x00, 0x00, 0xBD, 0x01, 0x02, 0x00,
    0x4A, 0x00, 0x4A, 0x00, 0x15, 0x00, 0x01, 0x00, 0x01, 0x04, 0x03, 0x01,
    0x00, 0x00, 0x00, 0x00, 0xE8, 0x03, 0x00, 0x00, 0x5E, 0x01, 0x00, 0x00,
    0xBE, 0x01, 0x02, 0x00, 0x4A, 0x00, 0x4A, 0x00, 0x16, 0x00, 0x02, 0x00,
    0x01, 0x04, 0x03, 0x01, 0x00, 0x00, 0x00, 0x00, 0xE8, 0x03, 0x00, 0x00,
    0x5E, 0x01, 0x00, 0x00, 0xBF, 0x01, 0x02, 0x00, 0x4A, 0x00, 0x4A, 0x00,
    0x04, 0x00, 0x03, 0x00, 0x01, 0x04, 0x03, 0x01, 0x00, 0x00, 0x00, 0x00,
    0xE8, 0x03, 0x00, 0x00, 0x64, 0x00, 0x00, 0x00, 0xC0, 0x01, 0x02, 0x00,
    0x4A, 0x00, 0x4A, 0x00, 0x14, 0x00, 0x04, 0x00, 0x01, 0x04, 0x03, 0x01,
    0x00, 0x00, 0x00, 0x00, 0xE8, 0x03, 0x00, 0x00, 0x64, 0x00, 0x00, 0x00,
    0xC1, 0x01, 0x02, 0x00, 0x4A, 0x00, 0x4A, 0x00, 0x17, 0x00, 0x05, 0x00,
    0x01, 0x04, 0x03, 0x01, 0x00, 0x00, 0x00, 0x00, 0xE8, 0x03, 0x00, 0x00,
    0x14, 0x00, 0x00, 0x00, 0xC2, 0x01, 0x02, 0x00, 0x4B, 0x00, 0x4B, 0x00,
    0x03, 0x00, 0x00, 0x00, 0x01, 0x04, 0x03, 0x01, 0x00, 0x00, 0x00, 0x00,
    0xE8, 0x03, 0x00, 0x00, 0x90, 0x01, 0x00, 0x00, 0xC3, 0x01, 0x02, 0x00,
    0x4B, 0x00, 0x4B, 0x00, 0x15, 0x00, 0x01, 0x00, 0x01, 0x04, 0x03, 0x01,
    0x00, 0x00, 0x00, 0x00, 0xE8, 0x03, 0x00, 0x00, 0x5E, 0x01, 0x00, 0x00,
    0xC4, 0x01, 0x02, 0x00, 0x4B, 0x00, 0x4B, 0x00, 0x16, 0x00, 0x02, 0x00,
    0x01, 0x04, 0x03, 0x01, 0x00, 0x00, 0x00, 0x00, 0xE8, 0x03, 0x00, 0x00,
    0x5E, 0x01, 0x00, 0x00, 0xC5, 0x01, 0x02, 0x00, 0x4B, 0x00, 0x4B, 0x00,
    0x04, 0x00, 0x03, 0x00, 0x01, 0x04, 0x03, 0x01, 0x00, 0x00, 0x00, 0x00,
    0xE8, 0x03, 0x00, 0x00, 0x64, 0x00, 0x00, 0x00, 0xC6, 0x01, 0x02, 0x00,
    0x4B, 0x00, 0x4B, 0x00, 0x14, 0x00, 0x04, 0x00, 0x01, 0x04, 0x03, 0x01,
    0x00, 0x00, 0x00, 0x00, 0xE8, 0x03, 0x00, 0x00, 0x64, 0x00, 0x00, 0x00,
    0xC7, 0x01, 0x02, 0x00, 0x4B, 0x00, 0x4B, 0x00, 0x17, 0x00, 0x05, 0x00,
    0x01, 0x04, 0x03, 0x01, 0x00, 0x00, 0x00, 0x00, 0xE8, 0x03, 0x00, 0x00,
    0x14, 0x00, 0x00, 0x00, 0xC8, 0x01, 0x02, 0x00, 0x4C, 0x00, 0x4C, 0x00,
    0x03, 0x00, 0x00, 0x00, 0x01, 0x04, 0x03, 0x01, 0x00, 0x00, 0x00, 0x00,
    0xE8, 0x03, 0x00, 0x00, 0x90, 0x01, 0x00, 0x00, 0xC9, 0x01, 0x02, 0x00,
    0x4C, 0x00, 0x4C, 0x00, 0x15, 0x00, 0x01, 0x00, 0x01, 0x04, 0x03, 0x01,
    0x00, 0x00, 0x00, 0x00, 0xE8, 0x03, 0x00, 0x00, 0x5E, 0x01, 0x00, 0x00,
    0xCA, 0x01, 0x02, 0x00, 0x4C, 0x00, 0x4C, 0x00, 0x16, 0x00, 0x02, 0x00,
    0x01, 0x04, 0x03, 0x01, 0x00, 0x00, 0x00, 0x00, 0xE8, 0x03, 0x00, 0x00,
    0x5E, 0x01, 0x00, 0x00, 0xCB, 0x01, 0x02, 0x00, 0x4C, 0x00, 0x4C, 0x00,
    0x04, 0x00, 0x03, 0x00, 0x01, 0x04, 0x03, 0x01, 0x00, 0x00, 0x00, 0x00,
    0xE8, 0x03, 0x00, 0x00, 0x64, 0x00, 0x00, 0x00, 0xCC, 0x01, 0x02, 0x00,
    0x4C, 0x00, 0x4C, 0x00, 0x14, 0x00, 0x04, 0x00, 0x01, 0x04, 0x03, 0x01,
    0x00, 0x00, 0x00, 0x00, 0xE8, 0x03, 0x00, 0x00, 0x64, 0x00, 0x00, 0x00,
    0xCD, 0x01, 0x02, 0x00, 0x4C, 0x00, 0x4C, 0x00, 0x17, 0x00, 0x05, 0x00,
    0x01, 0x04, 0x03, 0x01, 0x00, 0x00, 0x00, 0x00, 0xE8, 0x03, 0x00, 0x00,
    0x14, 0x00, 0x00, 0x00, 0x4F, 0x00, 0x4D, 0x00, 0x08, 0x00, 0x00, 0x02,
    0x00, 0x00, 0x80, 0x00, 0x00, 0x00, 0x00, 0x00, 0x00, 0x00, 0x00, 0x00,
    0x00, 0x04, 0x00, 0x00, 0x00, 0x00, 0x00, 0x00, 0x00, 0x00, 0x00, 0x00,
    0x00, 0x00, 0x00, 0x00, 0x01, 0x01, 0x03, 0x00, 0xFF, 0xFF, 0x00, 0x00,
    0x7B, 0x22, 0x63, 0x6F, 0x6D, 0x70, 0x69, 0x6C, 0x65, 0x72, 0x5F, 0x69,
    0x72, 0x5F, 0x76, 0x65, 0x72, 0x73, 0x69, 0x6F, 0x6E, 0x22, 0x3A, 0x31,
    0x2C, 0x22, 0x63, 0x6F, 0x6E, 0x74, 0x72, 0x6F, 0x6C, 0x5F, 0x6D, 0x61,
    0x70, 0x5F, 0x68, 0x61, 0x73, 0x68, 0x22, 0x3A, 0x22, 0x73, 0x68, 0x61,
    0x32, 0x35, 0x36, 0x3A, 0x30, 0x30, 0x30, 0x30, 0x30, 0x30, 0x30, 0x30,
    0x30, 0x30, 0x30, 0x30, 0x30, 0x30, 0x30, 0x30, 0x30, 0x30, 0x30, 0x30,
    0x30, 0x30, 0x30, 0x30, 0x30, 0x30, 0x30, 0x30, 0x30, 0x30, 0x30, 0x30,
    0x30, 0x30, 0x30, 0x30, 0x30, 0x30, 0x30, 0x30, 0x30, 0x30, 0x30, 0x30,
    0x30, 0x30, 0x30, 0x30, 0x30, 0x30, 0x30, 0x30, 0x30, 0x30, 0x30, 0x30,
    0x30, 0x30, 0x30, 0x30, 0x30, 0x30, 0x30, 0x30, 0x22, 0x2C, 0x22, 0x66,
    0x69, 0x72, 0x6D, 0x77, 0x61, 0x72, 0x65, 0x5F, 0x63, 0x6F, 0x6D, 0x70,
    0x61, 0x74, 0x22, 0x3A, 0x30, 0x2C, 0x22, 0x72, 0x65, 0x71, 0x75, 0x69,
    0x72, 0x65, 0x64, 0x5F, 0x66, 0x65, 0x61, 0x74, 0x75, 0x72, 0x65, 0x5F,
    0x66, 0x6C, 0x61, 0x67, 0x73, 0x22, 0x3A, 0x30, 0x2C, 0x22, 0x72, 0x65,
    0x73, 0x6F, 0x75, 0x72, 0x63, 0x65, 0x5F, 0x6C, 0x69, 0x6D, 0x69, 0x74,
    0x5F, 0x70, 0x72, 0x6F, 0x66, 0x69, 0x6C, 0x65, 0x5F, 0x69, 0x64, 0x22,
    0x3A, 0x30, 0x2C, 0x22, 0x72, 0x75, 0x6E, 0x74, 0x69, 0x6D, 0x65, 0x5F,
    0x61, 0x62, 0x69, 0x5F, 0x76, 0x65, 0x72, 0x73, 0x69, 0x6F, 0x6E, 0x22,
    0x3A, 0x31, 0x2C, 0x22, 0x72, 0x75, 0x6E, 0x74, 0x69, 0x6D, 0x65, 0x5F,
    0x74, 0x61, 0x62, 0x6C, 0x65, 0x5F, 0x76, 0x65, 0x72, 0x73, 0x69, 0x6F,
    0x6E, 0x22, 0x3A, 0x31, 0x2C, 0x22, 0x73, 0x6F, 0x75, 0x72, 0x63, 0x65,
    0x5F, 0x68, 0x61, 0x73, 0x68, 0x22, 0x3A, 0x22, 0x73, 0x68, 0x61, 0x32,
    0x35, 0x36, 0x3A, 0x64, 0x39, 0x64, 0x61, 0x35, 0x62, 0x36, 0x35, 0x30,
    0x38, 0x36, 0x34, 0x31, 0x63, 0x30, 0x37, 0x31, 0x64, 0x33, 0x38, 0x61,
    0x37, 0x38, 0x34, 0x61, 0x64, 0x63, 0x31, 0x34, 0x34, 0x32, 0x37, 0x35,
    0x65, 0x39, 0x33, 0x34, 0x38, 0x32, 0x32, 0x62, 0x65, 0x66, 0x63, 0x31,
    0x64, 0x33, 0x36, 0x61, 0x63, 0x37, 0x33, 0x39, 0x66, 0x64, 0x37, 0x63,
    0x64, 0x33, 0x35, 0x62, 0x30, 0x31, 0x38, 0x22, 0x7D, 0x00, 0x00, 0x00,
};

const uint32_t g_v3f_factory_profile_image_size = 23772U;
